Year of Order Date,Store Name
2016,Santa Cruz Bikes
2016,Santa Cruz Bikes
2016,Santa Cruz Bikes
2016,Santa Cruz Bikes
2016,Santa Cruz Bikes
2016,Baldwin Bikes
2016,Baldwin Bikes
2016,Baldwin Bikes
2016,Baldwin Bikes
2016,Santa Cruz Bikes
2016,Baldwin Bikes
2016,Baldwin Bikes
2016,Baldwin Bikes
2016,Baldwin Bikes
2016,Baldwin Bikes
2016,Baldwin Bikes
2016,Baldwin Bikes
2016,Baldwin Bikes
2016,Baldwin Bikes
2016,Baldwin Bikes
2016,Baldwin Bikes
2016,Baldwin Bikes
2016,Baldwin Bikes
2016,Santa Cruz Bikes
2016,Baldwin Bikes
2016,Baldwin Bikes
2016,Baldwin Bikes
2016,Baldwin Bikes
2016,Santa Cruz Bikes
2016,Santa Cruz Bikes
2016,Baldwin Bikes
2016,Baldwin Bikes
2016,Baldwin Bikes
2016,Baldwin Bikes
2016,Santa Cruz Bikes
2016,Baldwin Bikes
2016,Baldwin Bikes
2016,Baldwin Bikes
2016,Baldwin Bikes
2016,Santa Cruz Bikes
2016,Santa Cruz Bikes
2016,Santa Cruz Bikes
2016,Santa Cruz Bikes
2016,Santa Cruz Bikes
2016,Santa Cruz Bikes
2016,Santa Cruz Bikes
2016,Santa Cruz Bikes
2016,Santa Cruz Bikes
2016,Santa Cruz Bikes
2016,Santa Cruz Bikes
2016,Santa Cruz Bikes
2016,Santa Cruz Bikes
2016,Santa Cruz Bikes
2016,Santa Cruz Bikes
2016,Santa Cruz Bikes
2016,Santa Cruz Bikes
2016,Baldwin Bikes
2016,Baldwin Bikes
2016,Baldwin Bikes
2016,Santa Cruz Bikes
2016,Santa Cruz Bikes
2016,Santa Cruz Bikes
2016,Santa Cruz Bikes
2016,Santa Cruz Bikes
2016,Baldwin Bikes
2016,Baldwin Bikes
2016,Baldwin Bikes
2016,Baldwin Bikes
2016,Baldwin Bikes
2016,Baldwin Bikes
2016,Baldwin Bikes
2016,Baldwin Bikes
2016,Baldwin Bikes
2016,Baldwin Bikes
2016,Baldwin Bikes
2016,Baldwin Bikes
2016,Baldwin Bikes
2016,Baldwin Bikes
2016,Baldwin Bikes
2016,Baldwin Bikes
2016,Baldwin Bikes
2016,Baldwin Bikes
2016,Baldwin Bikes
2016,Baldwin Bikes
2016,Baldwin Bikes
2016,Baldwin Bikes
2016,Baldwin Bikes
2016,Baldwin Bikes
2016,Baldwin Bikes
2016,Baldwin Bikes
2016,Baldwin Bikes
2016,Baldwin Bikes
2016,Baldwin Bikes
2016,Rowlett Bikes
2016,Rowlett Bikes
2016,Santa Cruz Bikes
2016,Santa Cruz Bikes
2016,Santa Cruz Bikes
2016,Baldwin Bikes
2016,Baldwin Bikes
2016,Baldwin Bikes
2016,Baldwin Bikes
2016,Baldwin Bikes
2016,Baldwin Bikes
2016,Baldwin Bikes
2016,Baldwin Bikes
2016,Baldwin Bikes
2016,Baldwin Bikes
2016,Baldwin Bikes
2016,Baldwin Bikes
2016,Baldwin Bikes
2016,Baldwin Bikes
2016,Baldwin Bikes
2016,Baldwin Bikes
2016,Baldwin Bikes
2016,Baldwin Bikes
2016,Baldwin Bikes
2016,Baldwin Bikes
2016,Baldwin Bikes
2016,Baldwin Bikes
2016,Baldwin Bikes
2016,Santa Cruz Bikes
2016,Santa Cruz Bikes
2016,Baldwin Bikes
2016,Baldwin Bikes
2016,Baldwin Bikes
2016,Baldwin Bikes
2016,Baldwin Bikes
2016,Baldwin Bikes
2016,Baldwin Bikes
2016,Baldwin Bikes
2016,Baldwin Bikes
2016,Baldwin Bikes
2016,Baldwin Bikes
2016,Baldwin Bikes
2016,Baldwin Bikes
2016,Baldwin Bikes
2016,Baldwin Bikes
2016,Baldwin Bikes
2016,Baldwin Bikes
2016,Baldwin Bikes
2016,Baldwin Bikes
2016,Baldwin Bikes
2016,Baldwin Bikes
2016,Rowlett Bikes
2016,Rowlett Bikes
2016,Rowlett Bikes
2016,Baldwin Bikes
2016,Baldwin Bikes
2016,Baldwin Bikes
2016,Santa Cruz Bikes
2016,Baldwin Bikes
2016,Baldwin Bikes
2016,Baldwin Bikes
2016,Baldwin Bikes
2016,Baldwin Bikes
2016,Baldwin Bikes
2016,Baldwin Bikes
2016,Baldwin Bikes
2016,Baldwin Bikes
2016,Baldwin Bikes
2016,Baldwin Bikes
2016,Baldwin Bikes
2016,Baldwin Bikes
2016,Baldwin Bikes
2016,Baldwin Bikes
2016,Baldwin Bikes
2016,Baldwin Bikes
2016,Baldwin Bikes
2016,Baldwin Bikes
2016,Santa Cruz Bikes
2016,Santa Cruz Bikes
2016,Santa Cruz Bikes
2016,Santa Cruz Bikes
2016,Baldwin Bikes
2016,Baldwin Bikes
2016,Baldwin Bikes
2016,Santa Cruz Bikes
2016,Santa Cruz Bikes
2016,Santa Cruz Bikes
2016,Baldwin Bikes
2016,Baldwin Bikes
2016,Baldwin Bikes
2016,Baldwin Bikes
2016,Baldwin Bikes
2016,Baldwin Bikes
2016,Baldwin Bikes
2016,Baldwin Bikes
2016,Baldwin Bikes
2016,Baldwin Bikes
2016,Baldwin Bikes
2016,Rowlett Bikes
2016,Rowlett Bikes
2016,Rowlett Bikes
2016,Rowlett Bikes
2016,Rowlett Bikes
2016,Baldwin Bikes
2016,Baldwin Bikes
2016,Baldwin Bikes
2016,Baldwin Bikes
2016,Baldwin Bikes
2016,Rowlett Bikes
2016,Rowlett Bikes
2016,Rowlett Bikes
2016,Baldwin Bikes
2016,Baldwin Bikes
2016,Baldwin Bikes
2016,Santa Cruz Bikes
2016,Santa Cruz Bikes
2016,Santa Cruz Bikes
2016,Baldwin Bikes
2016,Baldwin Bikes
2016,Baldwin Bikes
2016,Baldwin Bikes
2016,Baldwin Bikes
2016,Baldwin Bikes
2016,Baldwin Bikes
2016,Baldwin Bikes
2016,Baldwin Bikes
2016,Baldwin Bikes
2016,Baldwin Bikes
2016,Baldwin Bikes
2016,Baldwin Bikes
2016,Santa Cruz Bikes
2016,Santa Cruz Bikes
2016,Santa Cruz Bikes
2016,Santa Cruz Bikes
2016,Baldwin Bikes
2016,Baldwin Bikes
2016,Baldwin Bikes
2016,Baldwin Bikes
2016,Santa Cruz Bikes
2016,Santa Cruz Bikes
2016,Santa Cruz Bikes
2016,Santa Cruz Bikes
2016,Baldwin Bikes
2016,Baldwin Bikes
2016,Baldwin Bikes
2016,Baldwin Bikes
2016,Baldwin Bikes
2016,Baldwin Bikes
2016,Baldwin Bikes
2016,Baldwin Bikes
2016,Santa Cruz Bikes
2016,Santa Cruz Bikes
2016,Baldwin Bikes
2016,Baldwin Bikes
2016,Baldwin Bikes
2016,Baldwin Bikes
2016,Baldwin Bikes
2016,Baldwin Bikes
2016,Baldwin Bikes
2016,Baldwin Bikes
2016,Baldwin Bikes
2016,Baldwin Bikes
2016,Baldwin Bikes
2016,Baldwin Bikes
2016,Baldwin Bikes
2016,Rowlett Bikes
2016,Rowlett Bikes
2016,Baldwin Bikes
2016,Baldwin Bikes
2016,Santa Cruz Bikes
2016,Santa Cruz Bikes
2016,Santa Cruz Bikes
2016,Santa Cruz Bikes
2016,Baldwin Bikes
2016,Santa Cruz Bikes
2016,Santa Cruz Bikes
2016,Santa Cruz Bikes
2016,Santa Cruz Bikes
2016,Santa Cruz Bikes
2016,Santa Cruz Bikes
2016,Santa Cruz Bikes
2016,Santa Cruz Bikes
2016,Santa Cruz Bikes
2016,Baldwin Bikes
2016,Baldwin Bikes
2016,Baldwin Bikes
2016,Baldwin Bikes
2016,Baldwin Bikes
2016,Baldwin Bikes
2016,Baldwin Bikes
2016,Baldwin Bikes
2016,Baldwin Bikes
2016,Baldwin Bikes
2016,Baldwin Bikes
2016,Baldwin Bikes
2016,Baldwin Bikes
2016,Baldwin Bikes
2016,Rowlett Bikes
2016,Rowlett Bikes
2016,Rowlett Bikes
2016,Rowlett Bikes
2016,Rowlett Bikes
2016,Baldwin Bikes
2016,Baldwin Bikes
2016,Baldwin Bikes
2016,Baldwin Bikes
2016,Baldwin Bikes
2016,Rowlett Bikes
2016,Baldwin Bikes
2016,Baldwin Bikes
2016,Santa Cruz Bikes
2016,Santa Cruz Bikes
2016,Santa Cruz Bikes
2016,Santa Cruz Bikes
2016,Santa Cruz Bikes
2016,Baldwin Bikes
2016,Baldwin Bikes
2016,Baldwin Bikes
2016,Baldwin Bikes
2016,Baldwin Bikes
2016,Rowlett Bikes
2016,Rowlett Bikes
2016,Santa Cruz Bikes
2016,Santa Cruz Bikes
2016,Baldwin Bikes
2016,Baldwin Bikes
2016,Baldwin Bikes
2016,Baldwin Bikes
2016,Baldwin Bikes
2016,Rowlett Bikes
2016,Baldwin Bikes
2016,Baldwin Bikes
2016,Baldwin Bikes
2016,Baldwin Bikes
2016,Baldwin Bikes
2016,Baldwin Bikes
2016,Baldwin Bikes
2016,Baldwin Bikes
2016,Baldwin Bikes
2016,Baldwin Bikes
2016,Baldwin Bikes
2016,Baldwin Bikes
2016,Baldwin Bikes
2016,Baldwin Bikes
2016,Baldwin Bikes
2016,Baldwin Bikes
2016,Baldwin Bikes
2016,Baldwin Bikes
2016,Baldwin Bikes
2016,Baldwin Bikes
2016,Baldwin Bikes
2016,Santa Cruz Bikes
2016,Santa Cruz Bikes
2016,Santa Cruz Bikes
2016,Santa Cruz Bikes
2016,Santa Cruz Bikes
2016,Baldwin Bikes
2016,Baldwin Bikes
2016,Baldwin Bikes
2016,Baldwin Bikes
2016,Baldwin Bikes
2016,Baldwin Bikes
2016,Baldwin Bikes
2016,Baldwin Bikes
2016,Baldwin Bikes
2016,Baldwin Bikes
2016,Baldwin Bikes
2016,Baldwin Bikes
2016,Baldwin Bikes
2016,Santa Cruz Bikes
2016,Santa Cruz Bikes
2016,Santa Cruz Bikes
2016,Baldwin Bikes
2016,Baldwin Bikes
2016,Rowlett Bikes
2016,Rowlett Bikes
2016,Rowlett Bikes
2016,Baldwin Bikes
2016,Baldwin Bikes
2016,Baldwin Bikes
2016,Baldwin Bikes
2016,Baldwin Bikes
2016,Baldwin Bikes
2016,Baldwin Bikes
2016,Baldwin Bikes
2016,Rowlett Bikes
2016,Rowlett Bikes
2016,Rowlett Bikes
2016,Santa Cruz Bikes
2016,Santa Cruz Bikes
2016,Santa Cruz Bikes
2016,Baldwin Bikes
2016,Baldwin Bikes
2016,Baldwin Bikes
2016,Baldwin Bikes
2016,Baldwin Bikes
2016,Baldwin Bikes
2016,Baldwin Bikes
2016,Baldwin Bikes
2016,Baldwin Bikes
2016,Rowlett Bikes
2016,Rowlett Bikes
2016,Baldwin Bikes
2016,Baldwin Bikes
2016,Baldwin Bikes
2016,Baldwin Bikes
2016,Baldwin Bikes
2016,Baldwin Bikes
2016,Baldwin Bikes
2016,Baldwin Bikes
2016,Baldwin Bikes
2016,Baldwin Bikes
2016,Baldwin Bikes
2016,Santa Cruz Bikes
2016,Santa Cruz Bikes
2016,Santa Cruz Bikes
2016,Baldwin Bikes
2016,Baldwin Bikes
2016,Baldwin Bikes
2016,Baldwin Bikes
2016,Santa Cruz Bikes
2016,Santa Cruz Bikes
2016,Santa Cruz Bikes
2016,Santa Cruz Bikes
2016,Santa Cruz Bikes
2016,Baldwin Bikes
2016,Baldwin Bikes
2016,Baldwin Bikes
2016,Baldwin Bikes
2016,Santa Cruz Bikes
2016,Santa Cruz Bikes
2016,Santa Cruz Bikes
2016,Santa Cruz Bikes
2016,Santa Cruz Bikes
2016,Santa Cruz Bikes
2016,Baldwin Bikes
2016,Baldwin Bikes
2016,Baldwin Bikes
2016,Baldwin Bikes
2016,Baldwin Bikes
2016,Baldwin Bikes
2016,Santa Cruz Bikes
2016,Baldwin Bikes
2016,Santa Cruz Bikes
2016,Santa Cruz Bikes
2016,Santa Cruz Bikes
2016,Rowlett Bikes
2016,Rowlett Bikes
2016,Rowlett Bikes
2016,Santa Cruz Bikes
2016,Baldwin Bikes
2016,Baldwin Bikes
2016,Baldwin Bikes
2016,Baldwin Bikes
2016,Baldwin Bikes
2016,Baldwin Bikes
2016,Baldwin Bikes
2016,Santa Cruz Bikes
2016,Santa Cruz Bikes
2016,Santa Cruz Bikes
2016,Baldwin Bikes
2016,Baldwin Bikes
2016,Baldwin Bikes
2016,Baldwin Bikes
2016,Baldwin Bikes
2016,Santa Cruz Bikes
2016,Santa Cruz Bikes
2016,Santa Cruz Bikes
2016,Baldwin Bikes
2016,Baldwin Bikes
2016,Baldwin Bikes
2016,Baldwin Bikes
2016,Baldwin Bikes
2016,Baldwin Bikes
2016,Santa Cruz Bikes
2016,Santa Cruz Bikes
2016,Santa Cruz Bikes
2016,Santa Cruz Bikes
2016,Baldwin Bikes
2016,Baldwin Bikes
2016,Baldwin Bikes
2016,Baldwin Bikes
2016,Baldwin Bikes
2016,Baldwin Bikes
2016,Baldwin Bikes
2016,Baldwin Bikes
2016,Baldwin Bikes
2016,Santa Cruz Bikes
2016,Baldwin Bikes
2016,Baldwin Bikes
2016,Rowlett Bikes
2016,Rowlett Bikes
2016,Rowlett Bikes
2016,Baldwin Bikes
2016,Baldwin Bikes
2016,Baldwin Bikes
2016,Baldwin Bikes
2016,Baldwin Bikes
2016,Baldwin Bikes
2016,Baldwin Bikes
2016,Baldwin Bikes
2016,Baldwin Bikes
2016,Santa Cruz Bikes
2016,Baldwin Bikes
2016,Baldwin Bikes
2016,Baldwin Bikes
2016,Baldwin Bikes
2016,Baldwin Bikes
2016,Baldwin Bikes
2016,Baldwin Bikes
2016,Baldwin Bikes
2016,Baldwin Bikes
2016,Baldwin Bikes
2016,Santa Cruz Bikes
2016,Santa Cruz Bikes
2016,Santa Cruz Bikes
2016,Santa Cruz Bikes
2016,Baldwin Bikes
2016,Baldwin Bikes
2016,Baldwin Bikes
2016,Baldwin Bikes
2016,Baldwin Bikes
2016,Baldwin Bikes
2016,Baldwin Bikes
2016,Baldwin Bikes
2016,Baldwin Bikes
2016,Santa Cruz Bikes
2016,Santa Cruz Bikes
2016,Baldwin Bikes
2016,Baldwin Bikes
2016,Baldwin Bikes
2016,Baldwin Bikes
2016,Santa Cruz Bikes
2016,Baldwin Bikes
2016,Baldwin Bikes
2016,Baldwin Bikes
2016,Santa Cruz Bikes
2016,Santa Cruz Bikes
2016,Santa Cruz Bikes
2016,Santa Cruz Bikes
2016,Santa Cruz Bikes
2016,Baldwin Bikes
2016,Baldwin Bikes
2016,Baldwin Bikes
2016,Baldwin Bikes
2016,Baldwin Bikes
2016,Santa Cruz Bikes
2016,Baldwin Bikes
2016,Baldwin Bikes
2016,Baldwin Bikes
2016,Baldwin Bikes
2016,Baldwin Bikes
2016,Baldwin Bikes
2016,Baldwin Bikes
2016,Baldwin Bikes
2016,Baldwin Bikes
2016,Baldwin Bikes
2016,Baldwin Bikes
2016,Baldwin Bikes
2016,Baldwin Bikes
2016,Baldwin Bikes
2016,Baldwin Bikes
2016,Baldwin Bikes
2016,Baldwin Bikes
2016,Baldwin Bikes
2016,Baldwin Bikes
2016,Baldwin Bikes
2016,Baldwin Bikes
2016,Baldwin Bikes
2016,Baldwin Bikes
2016,Rowlett Bikes
2016,Rowlett Bikes
2016,Rowlett Bikes
2016,Rowlett Bikes
2016,Santa Cruz Bikes
2016,Santa Cruz Bikes
2016,Santa Cruz Bikes
2016,Santa Cruz Bikes
2016,Rowlett Bikes
2016,Rowlett Bikes
2016,Rowlett Bikes
2016,Rowlett Bikes
2016,Baldwin Bikes
2016,Baldwin Bikes
2016,Baldwin Bikes
2016,Baldwin Bikes
2016,Rowlett Bikes
2016,Rowlett Bikes
2016,Baldwin Bikes
2016,Baldwin Bikes
2016,Baldwin Bikes
2016,Baldwin Bikes
2016,Baldwin Bikes
2016,Baldwin Bikes
2016,Baldwin Bikes
2016,Baldwin Bikes
2016,Baldwin Bikes
2016,Baldwin Bikes
2016,Baldwin Bikes
2016,Baldwin Bikes
2016,Baldwin Bikes
2016,Baldwin Bikes
2016,Baldwin Bikes
2016,Baldwin Bikes
2016,Baldwin Bikes
2016,Baldwin Bikes
2016,Rowlett Bikes
2016,Baldwin Bikes
2016,Baldwin Bikes
2016,Baldwin Bikes
2016,Santa Cruz Bikes
2016,Santa Cruz Bikes
2016,Baldwin Bikes
2016,Baldwin Bikes
2016,Baldwin Bikes
2016,Baldwin Bikes
2016,Baldwin Bikes
2016,Baldwin Bikes
2016,Baldwin Bikes
2016,Baldwin Bikes
2016,Baldwin Bikes
2016,Baldwin Bikes
2016,Baldwin Bikes
2016,Baldwin Bikes
2016,Santa Cruz Bikes
2016,Baldwin Bikes
2016,Baldwin Bikes
2016,Baldwin Bikes
2016,Baldwin Bikes
2016,Baldwin Bikes
2016,Baldwin Bikes
2016,Baldwin Bikes
2016,Santa Cruz Bikes
2016,Santa Cruz Bikes
2016,Santa Cruz Bikes
2016,Santa Cruz Bikes
2016,Santa Cruz Bikes
2016,Santa Cruz Bikes
2016,Santa Cruz Bikes
2016,Baldwin Bikes
2016,Baldwin Bikes
2016,Baldwin Bikes
2016,Baldwin Bikes
2016,Baldwin Bikes
2016,Baldwin Bikes
2016,Baldwin Bikes
2016,Baldwin Bikes
2016,Baldwin Bikes
2016,Baldwin Bikes
2016,Baldwin Bikes
2016,Baldwin Bikes
2016,Baldwin Bikes
2016,Baldwin Bikes
2016,Santa Cruz Bikes
2016,Santa Cruz Bikes
2016,Santa Cruz Bikes
2016,Santa Cruz Bikes
2016,Baldwin Bikes
2016,Baldwin Bikes
2016,Baldwin Bikes
2016,Baldwin Bikes
2016,Baldwin Bikes
2016,Baldwin Bikes
2016,Baldwin Bikes
2016,Baldwin Bikes
2016,Baldwin Bikes
2016,Baldwin Bikes
2016,Baldwin Bikes
2016,Baldwin Bikes
2016,Baldwin Bikes
2016,Baldwin Bikes
2016,Baldwin Bikes
2016,Baldwin Bikes
2016,Baldwin Bikes
2016,Baldwin Bikes
2016,Baldwin Bikes
2016,Baldwin Bikes
2016,Baldwin Bikes
2016,Baldwin Bikes
2016,Baldwin Bikes
2016,Baldwin Bikes
2016,Rowlett Bikes
2016,Rowlett Bikes
2016,Rowlett Bikes
2016,Rowlett Bikes
2016,Baldwin Bikes
2016,Baldwin Bikes
2016,Baldwin Bikes
2016,Baldwin Bikes
2016,Baldwin Bikes
2016,Baldwin Bikes
2016,Rowlett Bikes
2016,Rowlett Bikes
2016,Rowlett Bikes
2016,Baldwin Bikes
2016,Baldwin Bikes
2016,Baldwin Bikes
2016,Baldwin Bikes
2016,Baldwin Bikes
2016,Baldwin Bikes
2016,Santa Cruz Bikes
2016,Santa Cruz Bikes
2016,Baldwin Bikes
2016,Baldwin Bikes
2016,Baldwin Bikes
2016,Baldwin Bikes
2016,Baldwin Bikes
2016,Baldwin Bikes
2016,Baldwin Bikes
2016,Baldwin Bikes
2016,Baldwin Bikes
2016,Baldwin Bikes
2016,Baldwin Bikes
2016,Rowlett Bikes
2016,Rowlett Bikes
2016,Rowlett Bikes
2016,Baldwin Bikes
2016,Baldwin Bikes
2016,Baldwin Bikes
2016,Baldwin Bikes
2016,Baldwin Bikes
2016,Baldwin Bikes
2016,Baldwin Bikes
2016,Baldwin Bikes
2016,Baldwin Bikes
2016,Baldwin Bikes
2016,Santa Cruz Bikes
2016,Santa Cruz Bikes
2016,Santa Cruz Bikes
2016,Santa Cruz Bikes
2016,Baldwin Bikes
2016,Baldwin Bikes
2016,Baldwin Bikes
2016,Baldwin Bikes
2016,Baldwin Bikes
2016,Baldwin Bikes
2016,Baldwin Bikes
2016,Baldwin Bikes
2016,Baldwin Bikes
2016,Baldwin Bikes
2016,Baldwin Bikes
2016,Santa Cruz Bikes
2016,Santa Cruz Bikes
2016,Santa Cruz Bikes
2016,Rowlett Bikes
2016,Rowlett Bikes
2016,Baldwin Bikes
2016,Baldwin Bikes
2016,Baldwin Bikes
2016,Santa Cruz Bikes
2016,Santa Cruz Bikes
2016,Santa Cruz Bikes
2016,Santa Cruz Bikes
2016,Baldwin Bikes
2016,Baldwin Bikes
2016,Baldwin Bikes
2016,Baldwin Bikes
2016,Santa Cruz Bikes
2016,Santa Cruz Bikes
2016,Santa Cruz Bikes
2016,Santa Cruz Bikes
2016,Santa Cruz Bikes
2016,Santa Cruz Bikes
2016,Santa Cruz Bikes
2016,Santa Cruz Bikes
2016,Baldwin Bikes
2016,Baldwin Bikes
2016,Baldwin Bikes
2016,Baldwin Bikes
2016,Baldwin Bikes
2016,Baldwin Bikes
2016,Baldwin Bikes
2016,Baldwin Bikes
2016,Baldwin Bikes
2016,Baldwin Bikes
2016,Baldwin Bikes
2016,Baldwin Bikes
2016,Baldwin Bikes
2016,Baldwin Bikes
2016,Baldwin Bikes
2016,Baldwin Bikes
2016,Baldwin Bikes
2016,Baldwin Bikes
2016,Baldwin Bikes
2016,Baldwin Bikes
2016,Baldwin Bikes
2016,Baldwin Bikes
2016,Baldwin Bikes
2016,Baldwin Bikes
2016,Baldwin Bikes
2016,Santa Cruz Bikes
2016,Santa Cruz Bikes
2016,Santa Cruz Bikes
2016,Santa Cruz Bikes
2016,Baldwin Bikes
2016,Baldwin Bikes
2016,Baldwin Bikes
2016,Baldwin Bikes
2016,Baldwin Bikes
2016,Baldwin Bikes
2016,Baldwin Bikes
2016,Rowlett Bikes
2016,Rowlett Bikes
2016,Rowlett Bikes
2016,Rowlett Bikes
2016,Santa Cruz Bikes
2016,Santa Cruz Bikes
2016,Baldwin Bikes
2016,Baldwin Bikes
2016,Santa Cruz Bikes
2016,Santa Cruz Bikes
2016,Santa Cruz Bikes
2016,Baldwin Bikes
2016,Baldwin Bikes
2016,Baldwin Bikes
2016,Baldwin Bikes
2016,Baldwin Bikes
2016,Baldwin Bikes
2016,Baldwin Bikes
2016,Baldwin Bikes
2016,Baldwin Bikes
2016,Baldwin Bikes
2016,Baldwin Bikes
2016,Baldwin Bikes
2016,Baldwin Bikes
2016,Baldwin Bikes
2016,Baldwin Bikes
2016,Baldwin Bikes
2016,Baldwin Bikes
2016,Baldwin Bikes
2016,Baldwin Bikes
2016,Rowlett Bikes
2016,Rowlett Bikes
2016,Rowlett Bikes
2016,Baldwin Bikes
2016,Baldwin Bikes
2016,Baldwin Bikes
2016,Baldwin Bikes
2016,Baldwin Bikes
2016,Baldwin Bikes
2016,Baldwin Bikes
2016,Baldwin Bikes
2016,Baldwin Bikes
2016,Baldwin Bikes
2016,Baldwin Bikes
2016,Baldwin Bikes
2016,Rowlett Bikes
2016,Rowlett Bikes
2016,Rowlett Bikes
2016,Rowlett Bikes
2016,Rowlett Bikes
2016,Baldwin Bikes
2016,Baldwin Bikes
2016,Baldwin Bikes
2016,Baldwin Bikes
2016,Baldwin Bikes
2016,Baldwin Bikes
2016,Baldwin Bikes
2016,Baldwin Bikes
2016,Baldwin Bikes
2016,Baldwin Bikes
2016,Baldwin Bikes
2016,Baldwin Bikes
2016,Baldwin Bikes
2016,Baldwin Bikes
2016,Baldwin Bikes
2016,Baldwin Bikes
2016,Baldwin Bikes
2016,Baldwin Bikes
2016,Baldwin Bikes
2016,Baldwin Bikes
2016,Baldwin Bikes
2016,Baldwin Bikes
2016,Baldwin Bikes
2016,Baldwin Bikes
2016,Baldwin Bikes
2016,Baldwin Bikes
2016,Baldwin Bikes
2016,Santa Cruz Bikes
2016,Santa Cruz Bikes
2016,Santa Cruz Bikes
2016,Santa Cruz Bikes
2016,Baldwin Bikes
2016,Baldwin Bikes
2016,Baldwin Bikes
2016,Baldwin Bikes
2016,Baldwin Bikes
2016,Rowlett Bikes
2016,Rowlett Bikes
2016,Baldwin Bikes
2016,Baldwin Bikes
2016,Baldwin Bikes
2016,Baldwin Bikes
2016,Baldwin Bikes
2016,Baldwin Bikes
2016,Baldwin Bikes
2016,Baldwin Bikes
2016,Baldwin Bikes
2016,Baldwin Bikes
2016,Baldwin Bikes
2016,Baldwin Bikes
2016,Baldwin Bikes
2016,Baldwin Bikes
2016,Baldwin Bikes
2016,Baldwin Bikes
2016,Baldwin Bikes
2016,Baldwin Bikes
2016,Baldwin Bikes
2016,Baldwin Bikes
2016,Baldwin Bikes
2016,Baldwin Bikes
2016,Santa Cruz Bikes
2016,Baldwin Bikes
2016,Baldwin Bikes
2016,Baldwin Bikes
2016,Baldwin Bikes
2016,Baldwin Bikes
2016,Baldwin Bikes
2016,Baldwin Bikes
2016,Baldwin Bikes
2016,Baldwin Bikes
2016,Baldwin Bikes
2016,Baldwin Bikes
2016,Baldwin Bikes
2016,Baldwin Bikes
2016,Baldwin Bikes
2016,Baldwin Bikes
2016,Baldwin Bikes
2016,Rowlett Bikes
2016,Rowlett Bikes
2016,Baldwin Bikes
2016,Baldwin Bikes
2016,Baldwin Bikes
2016,Baldwin Bikes
2016,Baldwin Bikes
2016,Baldwin Bikes
2016,Baldwin Bikes
2016,Baldwin Bikes
2016,Baldwin Bikes
2016,Baldwin Bikes
2016,Baldwin Bikes
2016,Baldwin Bikes
2016,Baldwin Bikes
2016,Baldwin Bikes
2016,Baldwin Bikes
2016,Baldwin Bikes
2016,Baldwin Bikes
2016,Baldwin Bikes
2016,Baldwin Bikes
2016,Baldwin Bikes
2016,Baldwin Bikes
2016,Baldwin Bikes
2016,Baldwin Bikes
2016,Baldwin Bikes
2016,Baldwin Bikes
2016,Santa Cruz Bikes
2016,Santa Cruz Bikes
2016,Santa Cruz Bikes
2016,Santa Cruz Bikes
2016,Santa Cruz Bikes
2016,Baldwin Bikes
2016,Baldwin Bikes
2016,Baldwin Bikes
2016,Baldwin Bikes
2016,Baldwin Bikes
2016,Baldwin Bikes
2016,Baldwin Bikes
2016,Santa Cruz Bikes
2016,Baldwin Bikes
2016,Baldwin Bikes
2016,Baldwin Bikes
2016,Baldwin Bikes
2016,Baldwin Bikes
2016,Baldwin Bikes
2016,Baldwin Bikes
2016,Baldwin Bikes
2016,Baldwin Bikes
2016,Baldwin Bikes
2016,Baldwin Bikes
2016,Baldwin Bikes
2016,Rowlett Bikes
2016,Rowlett Bikes
2016,Rowlett Bikes
2016,Rowlett Bikes
2016,Rowlett Bikes
2016,Baldwin Bikes
2016,Rowlett Bikes
2016,Rowlett Bikes
2016,Santa Cruz Bikes
2016,Santa Cruz Bikes
2016,Santa Cruz Bikes
2016,Santa Cruz Bikes
2016,Santa Cruz Bikes
2016,Santa Cruz Bikes
2016,Santa Cruz Bikes
2016,Santa Cruz Bikes
2016,Baldwin Bikes
2016,Baldwin Bikes
2016,Baldwin Bikes
2016,Rowlett Bikes
2016,Rowlett Bikes
2016,Rowlett Bikes
2016,Rowlett Bikes
2016,Baldwin Bikes
2016,Baldwin Bikes
2016,Baldwin Bikes
2016,Rowlett Bikes
2017,Santa Cruz Bikes
2018,Santa Cruz Bikes
2017,Santa Cruz Bikes
2018,Santa Cruz Bikes
2017,Santa Cruz Bikes
2018,Santa Cruz Bikes
2016,Santa Cruz Bikes
2017,Santa Cruz Bikes
2018,Santa Cruz Bikes
2017,Santa Cruz Bikes
2018,Santa Cruz Bikes
2017,Santa Cruz Bikes
2017,Santa Cruz Bikes
2016,Santa Cruz Bikes
2016,Santa Cruz Bikes
2018,Santa Cruz Bikes
2017,Santa Cruz Bikes
2016,Santa Cruz Bikes
2018,Santa Cruz Bikes
2016,Santa Cruz Bikes
2017,Santa Cruz Bikes
2017,Santa Cruz Bikes
2017,Santa Cruz Bikes
2017,Santa Cruz Bikes
2017,Santa Cruz Bikes
2017,Santa Cruz Bikes
2017,Santa Cruz Bikes
2017,Santa Cruz Bikes
2017,Santa Cruz Bikes
2017,Santa Cruz Bikes
2018,Santa Cruz Bikes
2017,Santa Cruz Bikes
2017,Santa Cruz Bikes
2017,Santa Cruz Bikes
2017,Santa Cruz Bikes
2017,Santa Cruz Bikes
2017,Santa Cruz Bikes
2017,Santa Cruz Bikes
2017,Santa Cruz Bikes
2017,Santa Cruz Bikes
2017,Santa Cruz Bikes
2018,Santa Cruz Bikes
2018,Santa Cruz Bikes
2016,Santa Cruz Bikes
2016,Santa Cruz Bikes
2018,Santa Cruz Bikes
2018,Santa Cruz Bikes
2018,Santa Cruz Bikes
2018,Santa Cruz Bikes
2016,Santa Cruz Bikes
2016,Santa Cruz Bikes
2018,Santa Cruz Bikes
2018,Santa Cruz Bikes
2016,Santa Cruz Bikes
2018,Santa Cruz Bikes
2017,Santa Cruz Bikes
2017,Santa Cruz Bikes
2017,Santa Cruz Bikes
2017,Santa Cruz Bikes
2017,Santa Cruz Bikes
2018,Santa Cruz Bikes
2017,Santa Cruz Bikes
2017,Santa Cruz Bikes
2018,Santa Cruz Bikes
2017,Santa Cruz Bikes
2017,Santa Cruz Bikes
2018,Santa Cruz Bikes
2018,Santa Cruz Bikes
2017,Santa Cruz Bikes
2018,Santa Cruz Bikes
2017,Santa Cruz Bikes
2017,Santa Cruz Bikes
2018,Santa Cruz Bikes
2018,Santa Cruz Bikes
2017,Santa Cruz Bikes
2016,Santa Cruz Bikes
2018,Santa Cruz Bikes
2018,Santa Cruz Bikes
2017,Santa Cruz Bikes
2018,Santa Cruz Bikes
2017,Santa Cruz Bikes
2018,Santa Cruz Bikes
2016,Santa Cruz Bikes
2017,Santa Cruz Bikes
2018,Santa Cruz Bikes
2017,Santa Cruz Bikes
2017,Santa Cruz Bikes
2016,Santa Cruz Bikes
2016,Santa Cruz Bikes
2017,Santa Cruz Bikes
2018,Santa Cruz Bikes
2017,Santa Cruz Bikes
2018,Santa Cruz Bikes
2018,Santa Cruz Bikes
2016,Santa Cruz Bikes
2017,Santa Cruz Bikes
2017,Santa Cruz Bikes
2018,Santa Cruz Bikes
2018,Santa Cruz Bikes
2018,Santa Cruz Bikes
2017,Santa Cruz Bikes
2018,Santa Cruz Bikes
2017,Santa Cruz Bikes
2018,Santa Cruz Bikes
2016,Santa Cruz Bikes
2018,Santa Cruz Bikes
2018,Santa Cruz Bikes
2017,Santa Cruz Bikes
2016,Santa Cruz Bikes
2016,Santa Cruz Bikes
2018,Santa Cruz Bikes
2018,Santa Cruz Bikes
2017,Santa Cruz Bikes
2016,Santa Cruz Bikes
2017,Santa Cruz Bikes
2016,Santa Cruz Bikes
2016,Santa Cruz Bikes
2016,Santa Cruz Bikes
2016,Santa Cruz Bikes
2016,Santa Cruz Bikes
2016,Santa Cruz Bikes
2017,Santa Cruz Bikes
2017,Santa Cruz Bikes
2017,Santa Cruz Bikes
2017,Santa Cruz Bikes
2017,Santa Cruz Bikes
2017,Santa Cruz Bikes
2016,Santa Cruz Bikes
2016,Santa Cruz Bikes
2016,Santa Cruz Bikes
2017,Santa Cruz Bikes
2017,Santa Cruz Bikes
2018,Santa Cruz Bikes
2018,Santa Cruz Bikes
2018,Santa Cruz Bikes
2018,Santa Cruz Bikes
2016,Santa Cruz Bikes
2016,Santa Cruz Bikes
2018,Santa Cruz Bikes
2018,Santa Cruz Bikes
2018,Santa Cruz Bikes
2018,Santa Cruz Bikes
2016,Santa Cruz Bikes
2016,Santa Cruz Bikes
2017,Santa Cruz Bikes
2017,Santa Cruz Bikes
2018,Santa Cruz Bikes
2017,Santa Cruz Bikes
2018,Santa Cruz Bikes
2017,Santa Cruz Bikes
2016,Santa Cruz Bikes
2016,Santa Cruz Bikes
2016,Santa Cruz Bikes
2016,Santa Cruz Bikes
2016,Santa Cruz Bikes
2016,Santa Cruz Bikes
2016,Santa Cruz Bikes
2017,Santa Cruz Bikes
2018,Santa Cruz Bikes
2017,Santa Cruz Bikes
2017,Santa Cruz Bikes
2018,Santa Cruz Bikes
2016,Santa Cruz Bikes
2017,Santa Cruz Bikes
2017,Santa Cruz Bikes
2017,Santa Cruz Bikes
2017,Santa Cruz Bikes
2016,Santa Cruz Bikes
2016,Santa Cruz Bikes
2017,Santa Cruz Bikes
2018,Santa Cruz Bikes
2017,Santa Cruz Bikes
2018,Santa Cruz Bikes
2018,Santa Cruz Bikes
2018,Santa Cruz Bikes
2017,Santa Cruz Bikes
2018,Santa Cruz Bikes
2018,Santa Cruz Bikes
2017,Santa Cruz Bikes
2016,Santa Cruz Bikes
2016,Santa Cruz Bikes
2018,Santa Cruz Bikes
2018,Santa Cruz Bikes
2017,Santa Cruz Bikes
2018,Santa Cruz Bikes
2017,Santa Cruz Bikes
2017,Santa Cruz Bikes
2017,Santa Cruz Bikes
2018,Santa Cruz Bikes
2018,Santa Cruz Bikes
2018,Santa Cruz Bikes
2018,Santa Cruz Bikes
2017,Santa Cruz Bikes
2018,Santa Cruz Bikes
2017,Santa Cruz Bikes
2017,Santa Cruz Bikes
2018,Santa Cruz Bikes
2017,Santa Cruz Bikes
2017,Santa Cruz Bikes
2017,Santa Cruz Bikes
2018,Santa Cruz Bikes
2017,Santa Cruz Bikes
2018,Santa Cruz Bikes
2018,Santa Cruz Bikes
2018,Santa Cruz Bikes
2018,Santa Cruz Bikes
2017,Santa Cruz Bikes
2017,Santa Cruz Bikes
2017,Santa Cruz Bikes
2017,Santa Cruz Bikes
2017,Santa Cruz Bikes
2017,Santa Cruz Bikes
2017,Santa Cruz Bikes
2018,Santa Cruz Bikes
2016,Santa Cruz Bikes
2017,Santa Cruz Bikes
2017,Santa Cruz Bikes
2016,Santa Cruz Bikes
2016,Santa Cruz Bikes
2018,Santa Cruz Bikes
2016,Santa Cruz Bikes
2017,Santa Cruz Bikes
2017,Santa Cruz Bikes
2018,Santa Cruz Bikes
2017,Santa Cruz Bikes
2017,Santa Cruz Bikes
2017,Santa Cruz Bikes
2018,Santa Cruz Bikes
2017,Santa Cruz Bikes
2017,Santa Cruz Bikes
2018,Santa Cruz Bikes
2018,Santa Cruz Bikes
2017,Santa Cruz Bikes
2018,Santa Cruz Bikes
2018,Santa Cruz Bikes
2017,Santa Cruz Bikes
2018,Santa Cruz Bikes
2018,Santa Cruz Bikes
2018,Santa Cruz Bikes
2018,Santa Cruz Bikes
2018,Santa Cruz Bikes
2016,Santa Cruz Bikes
2016,Santa Cruz Bikes
2017,Santa Cruz Bikes
2017,Santa Cruz Bikes
2017,Santa Cruz Bikes
2017,Santa Cruz Bikes
2016,Santa Cruz Bikes
2017,Santa Cruz Bikes
2016,Santa Cruz Bikes
2017,Santa Cruz Bikes
2017,Santa Cruz Bikes
2016,Santa Cruz Bikes
2016,Santa Cruz Bikes
2017,Santa Cruz Bikes
2017,Santa Cruz Bikes
2018,Santa Cruz Bikes
2018,Santa Cruz Bikes
2018,Santa Cruz Bikes
2017,Santa Cruz Bikes
2017,Santa Cruz Bikes
2017,Santa Cruz Bikes
2017,Santa Cruz Bikes
2018,Santa Cruz Bikes
2018,Santa Cruz Bikes
2017,Santa Cruz Bikes
2016,Santa Cruz Bikes
2016,Santa Cruz Bikes
2017,Santa Cruz Bikes
2018,Santa Cruz Bikes
2018,Santa Cruz Bikes
2016,Santa Cruz Bikes
2017,Santa Cruz Bikes
2017,Santa Cruz Bikes
2017,Santa Cruz Bikes
2018,Santa Cruz Bikes
2017,Santa Cruz Bikes
2017,Santa Cruz Bikes
2017,Santa Cruz Bikes
2018,Santa Cruz Bikes
2017,Santa Cruz Bikes
2017,Santa Cruz Bikes
2016,Santa Cruz Bikes
2017,Santa Cruz Bikes
2016,Santa Cruz Bikes
2016,Santa Cruz Bikes
2016,Santa Cruz Bikes
2016,Santa Cruz Bikes
2016,Santa Cruz Bikes
2016,Santa Cruz Bikes
2016,Santa Cruz Bikes
2016,Santa Cruz Bikes
2017,Santa Cruz Bikes
2018,Santa Cruz Bikes
2018,Santa Cruz Bikes
2017,Santa Cruz Bikes
2017,Santa Cruz Bikes
2017,Santa Cruz Bikes
2017,Santa Cruz Bikes
2017,Santa Cruz Bikes
2017,Santa Cruz Bikes
2017,Santa Cruz Bikes
2017,Santa Cruz Bikes
2016,Santa Cruz Bikes
2016,Santa Cruz Bikes
2016,Santa Cruz Bikes
2017,Santa Cruz Bikes
2016,Santa Cruz Bikes
2016,Santa Cruz Bikes
2016,Santa Cruz Bikes
2018,Santa Cruz Bikes
2018,Santa Cruz Bikes
2017,Santa Cruz Bikes
2017,Santa Cruz Bikes
2017,Santa Cruz Bikes
2018,Santa Cruz Bikes
2016,Santa Cruz Bikes
2018,Santa Cruz Bikes
2016,Santa Cruz Bikes
2018,Santa Cruz Bikes
2018,Santa Cruz Bikes
2017,Santa Cruz Bikes
2018,Santa Cruz Bikes
2017,Santa Cruz Bikes
2016,Santa Cruz Bikes
2017,Santa Cruz Bikes
2017,Santa Cruz Bikes
2017,Santa Cruz Bikes
2018,Santa Cruz Bikes
2017,Santa Cruz Bikes
2017,Santa Cruz Bikes
2016,Santa Cruz Bikes
2017,Santa Cruz Bikes
2018,Santa Cruz Bikes
2016,Santa Cruz Bikes
2017,Santa Cruz Bikes
2018,Santa Cruz Bikes
2016,Santa Cruz Bikes
2017,Santa Cruz Bikes
2017,Santa Cruz Bikes
2017,Santa Cruz Bikes
2016,Santa Cruz Bikes
2016,Santa Cruz Bikes
2017,Santa Cruz Bikes
2016,Santa Cruz Bikes
2017,Santa Cruz Bikes
2017,Santa Cruz Bikes
2016,Santa Cruz Bikes
2017,Santa Cruz Bikes
2017,Santa Cruz Bikes
2018,Santa Cruz Bikes
2017,Santa Cruz Bikes
2018,Santa Cruz Bikes
2018,Santa Cruz Bikes
2016,Santa Cruz Bikes
2017,Santa Cruz Bikes
2018,Santa Cruz Bikes
2017,Santa Cruz Bikes
2017,Santa Cruz Bikes
2018,Santa Cruz Bikes
2017,Santa Cruz Bikes
2016,Santa Cruz Bikes
2017,Santa Cruz Bikes
2017,Santa Cruz Bikes
2017,Santa Cruz Bikes
2017,Santa Cruz Bikes
2018,Santa Cruz Bikes
2018,Santa Cruz Bikes
2017,Santa Cruz Bikes
2017,Santa Cruz Bikes
2017,Santa Cruz Bikes
2017,Santa Cruz Bikes
2016,Santa Cruz Bikes
2017,Santa Cruz Bikes
2016,Santa Cruz Bikes
2017,Santa Cruz Bikes
2016,Santa Cruz Bikes
2017,Santa Cruz Bikes
2017,Santa Cruz Bikes
2017,Santa Cruz Bikes
2018,Santa Cruz Bikes
2017,Santa Cruz Bikes
2017,Santa Cruz Bikes
2018,Santa Cruz Bikes
2018,Santa Cruz Bikes
2018,Santa Cruz Bikes
2017,Santa Cruz Bikes
2017,Santa Cruz Bikes
2018,Santa Cruz Bikes
2017,Santa Cruz Bikes
2017,Santa Cruz Bikes
2018,Santa Cruz Bikes
2018,Santa Cruz Bikes
2018,Santa Cruz Bikes
2018,Santa Cruz Bikes
2018,Santa Cruz Bikes
2017,Baldwin Bikes
2016,Baldwin Bikes
2017,Baldwin Bikes
2016,Baldwin Bikes
2017,Baldwin Bikes
2017,Baldwin Bikes
2017,Baldwin Bikes
2018,Baldwin Bikes
2017,Baldwin Bikes
2017,Baldwin Bikes
2018,Baldwin Bikes
2017,Baldwin Bikes
2017,Baldwin Bikes
2017,Baldwin Bikes
2017,Baldwin Bikes
2017,Baldwin Bikes
2016,Baldwin Bikes
2018,Baldwin Bikes
2016,Baldwin Bikes
2017,Baldwin Bikes
2016,Baldwin Bikes
2017,Baldwin Bikes
2017,Baldwin Bikes
2017,Baldwin Bikes
2018,Baldwin Bikes
2017,Baldwin Bikes
2016,Baldwin Bikes
2017,Baldwin Bikes
2016,Baldwin Bikes
2018,Baldwin Bikes
2018,Baldwin Bikes
2017,Baldwin Bikes
2018,Baldwin Bikes
2017,Baldwin Bikes
2018,Baldwin Bikes
2017,Baldwin Bikes
2016,Baldwin Bikes
2017,Baldwin Bikes
2016,Baldwin Bikes
2017,Baldwin Bikes
2018,Baldwin Bikes
2017,Baldwin Bikes
2016,Baldwin Bikes
2017,Baldwin Bikes
2017,Baldwin Bikes
2018,Baldwin Bikes
2016,Baldwin Bikes
2017,Baldwin Bikes
2018,Baldwin Bikes
2017,Baldwin Bikes
2017,Baldwin Bikes
2017,Baldwin Bikes
2016,Baldwin Bikes
2017,Baldwin Bikes
2016,Baldwin Bikes
2017,Baldwin Bikes
2017,Baldwin Bikes
2017,Baldwin Bikes
2017,Baldwin Bikes
2017,Baldwin Bikes
2017,Baldwin Bikes
2017,Baldwin Bikes
2018,Baldwin Bikes
2017,Baldwin Bikes
2017,Baldwin Bikes
2018,Baldwin Bikes
2017,Baldwin Bikes
2017,Baldwin Bikes
2017,Baldwin Bikes
2017,Baldwin Bikes
2018,Baldwin Bikes
2018,Baldwin Bikes
2018,Baldwin Bikes
2018,Baldwin Bikes
2017,Baldwin Bikes
2018,Baldwin Bikes
2017,Baldwin Bikes
2017,Baldwin Bikes
2017,Baldwin Bikes
2018,Baldwin Bikes
2017,Baldwin Bikes
2017,Baldwin Bikes
2017,Baldwin Bikes
2018,Baldwin Bikes
2017,Baldwin Bikes
2018,Baldwin Bikes
2017,Baldwin Bikes
2017,Baldwin Bikes
2017,Baldwin Bikes
2017,Baldwin Bikes
2017,Baldwin Bikes
2017,Baldwin Bikes
2018,Baldwin Bikes
2018,Baldwin Bikes
2017,Baldwin Bikes
2018,Baldwin Bikes
2018,Baldwin Bikes
2017,Baldwin Bikes
2017,Baldwin Bikes
2017,Baldwin Bikes
2017,Baldwin Bikes
2017,Baldwin Bikes
2017,Baldwin Bikes
2017,Baldwin Bikes
2017,Baldwin Bikes
2018,Baldwin Bikes
2017,Baldwin Bikes
2017,Baldwin Bikes
2017,Baldwin Bikes
2016,Baldwin Bikes
2018,Baldwin Bikes
2016,Baldwin Bikes
2016,Baldwin Bikes
2016,Baldwin Bikes
2017,Baldwin Bikes
2018,Baldwin Bikes
2018,Baldwin Bikes
2017,Baldwin Bikes
2016,Baldwin Bikes
2017,Baldwin Bikes
2016,Baldwin Bikes
2017,Baldwin Bikes
2017,Baldwin Bikes
2017,Baldwin Bikes
2016,Baldwin Bikes
2016,Baldwin Bikes
2016,Baldwin Bikes
2018,Baldwin Bikes
2018,Baldwin Bikes
2017,Baldwin Bikes
2017,Baldwin Bikes
2016,Baldwin Bikes
2017,Baldwin Bikes
2016,Baldwin Bikes
2016,Baldwin Bikes
2016,Baldwin Bikes
2017,Baldwin Bikes
2017,Baldwin Bikes
2016,Baldwin Bikes
2016,Baldwin Bikes
2016,Baldwin Bikes
2017,Baldwin Bikes
2016,Baldwin Bikes
2016,Baldwin Bikes
2016,Baldwin Bikes
2016,Baldwin Bikes
2018,Baldwin Bikes
2016,Baldwin Bikes
2018,Baldwin Bikes
2017,Baldwin Bikes
2017,Baldwin Bikes
2017,Baldwin Bikes
2017,Baldwin Bikes
2017,Baldwin Bikes
2017,Baldwin Bikes
2017,Baldwin Bikes
2017,Baldwin Bikes
2017,Baldwin Bikes
2017,Baldwin Bikes
2018,Baldwin Bikes
2018,Baldwin Bikes
2017,Baldwin Bikes
2017,Baldwin Bikes
2018,Baldwin Bikes
2017,Baldwin Bikes
2017,Baldwin Bikes
2017,Baldwin Bikes
2017,Baldwin Bikes
2017,Baldwin Bikes
2017,Baldwin Bikes
2017,Baldwin Bikes
2017,Baldwin Bikes
2017,Baldwin Bikes
2017,Baldwin Bikes
2018,Baldwin Bikes
2017,Baldwin Bikes
2017,Baldwin Bikes
2017,Baldwin Bikes
2017,Baldwin Bikes
2017,Baldwin Bikes
2017,Baldwin Bikes
2017,Baldwin Bikes
2017,Baldwin Bikes
2017,Baldwin Bikes
2017,Baldwin Bikes
2018,Baldwin Bikes
2017,Baldwin Bikes
2017,Baldwin Bikes
2016,Baldwin Bikes
2017,Baldwin Bikes
2016,Baldwin Bikes
2017,Baldwin Bikes
2017,Baldwin Bikes
2018,Baldwin Bikes
2017,Baldwin Bikes
2017,Baldwin Bikes
2017,Baldwin Bikes
2017,Baldwin Bikes
2017,Baldwin Bikes
2017,Baldwin Bikes
2016,Baldwin Bikes
2017,Baldwin Bikes
2017,Baldwin Bikes
2017,Baldwin Bikes
2018,Baldwin Bikes
2016,Baldwin Bikes
2018,Baldwin Bikes
2018,Baldwin Bikes
2018,Baldwin Bikes
2018,Baldwin Bikes
2018,Baldwin Bikes
2017,Baldwin Bikes
2018,Baldwin Bikes
2017,Baldwin Bikes
2017,Baldwin Bikes
2017,Baldwin Bikes
2017,Baldwin Bikes
2016,Baldwin Bikes
2018,Baldwin Bikes
2016,Baldwin Bikes
2017,Baldwin Bikes
2016,Baldwin Bikes
2016,Baldwin Bikes
2016,Baldwin Bikes
2017,Baldwin Bikes
2017,Baldwin Bikes
2016,Baldwin Bikes
2017,Baldwin Bikes
2016,Baldwin Bikes
2016,Baldwin Bikes
2017,Baldwin Bikes
2018,Baldwin Bikes
2017,Baldwin Bikes
2017,Baldwin Bikes
2017,Baldwin Bikes
2017,Baldwin Bikes
2017,Baldwin Bikes
2017,Baldwin Bikes
2016,Baldwin Bikes
2017,Baldwin Bikes
2017,Baldwin Bikes
2018,Baldwin Bikes
2016,Baldwin Bikes
2017,Baldwin Bikes
2018,Baldwin Bikes
2016,Baldwin Bikes
2016,Baldwin Bikes
2017,Baldwin Bikes
2017,Baldwin Bikes
2017,Baldwin Bikes
2017,Baldwin Bikes
2018,Baldwin Bikes
2017,Baldwin Bikes
2018,Baldwin Bikes
2016,Baldwin Bikes
2016,Baldwin Bikes
2016,Baldwin Bikes
2018,Baldwin Bikes
2016,Baldwin Bikes
2017,Baldwin Bikes
2017,Baldwin Bikes
2018,Baldwin Bikes
2018,Baldwin Bikes
2017,Baldwin Bikes
2017,Baldwin Bikes
2017,Baldwin Bikes
2017,Baldwin Bikes
2016,Baldwin Bikes
2016,Baldwin Bikes
2016,Baldwin Bikes
2018,Baldwin Bikes
2017,Baldwin Bikes
2018,Baldwin Bikes
2018,Baldwin Bikes
2016,Baldwin Bikes
2018,Baldwin Bikes
2018,Baldwin Bikes
2018,Baldwin Bikes
2016,Baldwin Bikes
2016,Baldwin Bikes
2017,Baldwin Bikes
2016,Baldwin Bikes
2017,Baldwin Bikes
2017,Baldwin Bikes
2018,Baldwin Bikes
2017,Baldwin Bikes
2017,Baldwin Bikes
2018,Baldwin Bikes
2017,Baldwin Bikes
2018,Baldwin Bikes
2018,Baldwin Bikes
2018,Baldwin Bikes
2018,Baldwin Bikes
2018,Baldwin Bikes
2017,Baldwin Bikes
2018,Baldwin Bikes
2017,Baldwin Bikes
2017,Baldwin Bikes
2017,Baldwin Bikes
2018,Baldwin Bikes
2017,Baldwin Bikes
2016,Baldwin Bikes
2018,Baldwin Bikes
2018,Baldwin Bikes
2017,Baldwin Bikes
2017,Baldwin Bikes
2017,Baldwin Bikes
2016,Baldwin Bikes
2017,Baldwin Bikes
2016,Baldwin Bikes
2017,Baldwin Bikes
2016,Baldwin Bikes
2016,Baldwin Bikes
2017,Baldwin Bikes
2016,Baldwin Bikes
2017,Baldwin Bikes
2016,Baldwin Bikes
2018,Baldwin Bikes
2016,Baldwin Bikes
2017,Baldwin Bikes
2016,Baldwin Bikes
2016,Baldwin Bikes
2017,Baldwin Bikes
2017,Baldwin Bikes
2017,Baldwin Bikes
2017,Baldwin Bikes
2017,Baldwin Bikes
2018,Baldwin Bikes
2018,Baldwin Bikes
2017,Baldwin Bikes
2017,Baldwin Bikes
2017,Baldwin Bikes
2017,Baldwin Bikes
2017,Baldwin Bikes
2017,Baldwin Bikes
2018,Baldwin Bikes
2017,Baldwin Bikes
2017,Baldwin Bikes
2017,Baldwin Bikes
2017,Baldwin Bikes
2018,Baldwin Bikes
2017,Baldwin Bikes
2017,Baldwin Bikes
2017,Baldwin Bikes
2017,Baldwin Bikes
2017,Baldwin Bikes
2017,Baldwin Bikes
2017,Baldwin Bikes
2017,Baldwin Bikes
2017,Baldwin Bikes
2017,Baldwin Bikes
2018,Baldwin Bikes
2018,Baldwin Bikes
2017,Baldwin Bikes
2017,Baldwin Bikes
2018,Baldwin Bikes
2017,Baldwin Bikes
2017,Baldwin Bikes
2017,Baldwin Bikes
2017,Baldwin Bikes
2017,Baldwin Bikes
2017,Baldwin Bikes
2017,Baldwin Bikes
2017,Baldwin Bikes
2017,Baldwin Bikes
2017,Baldwin Bikes
2017,Baldwin Bikes
2017,Baldwin Bikes
2016,Baldwin Bikes
2016,Baldwin Bikes
2018,Baldwin Bikes
2016,Baldwin Bikes
2017,Baldwin Bikes
2016,Baldwin Bikes
2016,Baldwin Bikes
2017,Baldwin Bikes
2017,Baldwin Bikes
2017,Baldwin Bikes
2016,Baldwin Bikes
2016,Baldwin Bikes
2017,Baldwin Bikes
2017,Baldwin Bikes
2016,Baldwin Bikes
2016,Baldwin Bikes
2016,Baldwin Bikes
2016,Baldwin Bikes
2016,Baldwin Bikes
2016,Baldwin Bikes
2016,Baldwin Bikes
2017,Baldwin Bikes
2016,Baldwin Bikes
2017,Baldwin Bikes
2018,Baldwin Bikes
2017,Baldwin Bikes
2017,Baldwin Bikes
2018,Baldwin Bikes
2017,Baldwin Bikes
2017,Baldwin Bikes
2017,Baldwin Bikes
2017,Baldwin Bikes
2017,Baldwin Bikes
2017,Baldwin Bikes
2018,Baldwin Bikes
2017,Baldwin Bikes
2018,Baldwin Bikes
2018,Baldwin Bikes
2018,Baldwin Bikes
2017,Baldwin Bikes
2017,Baldwin Bikes
2018,Baldwin Bikes
2018,Baldwin Bikes
2017,Baldwin Bikes
2017,Baldwin Bikes
2018,Baldwin Bikes
2016,Baldwin Bikes
2016,Baldwin Bikes
2018,Baldwin Bikes
2017,Baldwin Bikes
2016,Baldwin Bikes
2016,Baldwin Bikes
2018,Baldwin Bikes
2017,Baldwin Bikes
2017,Baldwin Bikes
2018,Baldwin Bikes
2017,Baldwin Bikes
2017,Baldwin Bikes
2017,Baldwin Bikes
2017,Baldwin Bikes
2018,Baldwin Bikes
2017,Baldwin Bikes
2017,Baldwin Bikes
2018,Baldwin Bikes
2017,Baldwin Bikes
2018,Baldwin Bikes
2017,Baldwin Bikes
2017,Baldwin Bikes
2017,Baldwin Bikes
2017,Baldwin Bikes
2017,Baldwin Bikes
2017,Baldwin Bikes
2017,Baldwin Bikes
2017,Baldwin Bikes
2017,Baldwin Bikes
2017,Baldwin Bikes
2016,Baldwin Bikes
2016,Baldwin Bikes
2016,Baldwin Bikes
2016,Baldwin Bikes
2017,Baldwin Bikes
2016,Baldwin Bikes
2018,Baldwin Bikes
2017,Baldwin Bikes
2018,Baldwin Bikes
2016,Baldwin Bikes
2016,Baldwin Bikes
2016,Baldwin Bikes
2017,Baldwin Bikes
2017,Baldwin Bikes
2017,Baldwin Bikes
2016,Baldwin Bikes
2017,Baldwin Bikes
2017,Baldwin Bikes
2016,Baldwin Bikes
2017,Baldwin Bikes
2017,Baldwin Bikes
2018,Baldwin Bikes
2017,Baldwin Bikes
2017,Baldwin Bikes
2017,Baldwin Bikes
2018,Baldwin Bikes
2017,Baldwin Bikes
2016,Baldwin Bikes
2017,Baldwin Bikes
2017,Baldwin Bikes
2017,Baldwin Bikes
2017,Baldwin Bikes
2017,Baldwin Bikes
2017,Baldwin Bikes
2018,Baldwin Bikes
2018,Baldwin Bikes
2017,Baldwin Bikes
2017,Baldwin Bikes
2017,Baldwin Bikes
2018,Baldwin Bikes
2017,Baldwin Bikes
2017,Baldwin Bikes
2018,Baldwin Bikes
2016,Baldwin Bikes
2017,Baldwin Bikes
2017,Baldwin Bikes
2016,Baldwin Bikes
2018,Baldwin Bikes
2017,Baldwin Bikes
2017,Baldwin Bikes
2017,Baldwin Bikes
2017,Baldwin Bikes
2017,Baldwin Bikes
2017,Baldwin Bikes
2016,Baldwin Bikes
2016,Baldwin Bikes
2017,Baldwin Bikes
2017,Baldwin Bikes
2017,Baldwin Bikes
2017,Baldwin Bikes
2018,Baldwin Bikes
2017,Baldwin Bikes
2016,Baldwin Bikes
2017,Baldwin Bikes
2017,Baldwin Bikes
2018,Baldwin Bikes
2018,Baldwin Bikes
2017,Baldwin Bikes
2017,Baldwin Bikes
2018,Baldwin Bikes
2016,Baldwin Bikes
2018,Baldwin Bikes
2017,Baldwin Bikes
2018,Baldwin Bikes
2017,Baldwin Bikes
2016,Baldwin Bikes
2017,Baldwin Bikes
2016,Baldwin Bikes
2017,Baldwin Bikes
2017,Baldwin Bikes
2017,Baldwin Bikes
2018,Baldwin Bikes
2017,Baldwin Bikes
2017,Baldwin Bikes
2017,Baldwin Bikes
2018,Baldwin Bikes
2017,Baldwin Bikes
2017,Baldwin Bikes
2017,Baldwin Bikes
2016,Baldwin Bikes
2018,Baldwin Bikes
2017,Baldwin Bikes
2017,Baldwin Bikes
2018,Baldwin Bikes
2016,Baldwin Bikes
2017,Baldwin Bikes
2016,Baldwin Bikes
2017,Baldwin Bikes
2016,Baldwin Bikes
2016,Baldwin Bikes
2017,Baldwin Bikes
2017,Baldwin Bikes
2016,Baldwin Bikes
2017,Baldwin Bikes
2017,Baldwin Bikes
2017,Baldwin Bikes
2018,Baldwin Bikes
2018,Baldwin Bikes
2016,Baldwin Bikes
2017,Baldwin Bikes
2017,Baldwin Bikes
2016,Baldwin Bikes
2016,Baldwin Bikes
2017,Baldwin Bikes
2018,Baldwin Bikes
2018,Baldwin Bikes
2018,Baldwin Bikes
2016,Baldwin Bikes
2016,Baldwin Bikes
2016,Baldwin Bikes
2017,Baldwin Bikes
2016,Baldwin Bikes
2017,Baldwin Bikes
2017,Baldwin Bikes
2017,Baldwin Bikes
2018,Baldwin Bikes
2017,Baldwin Bikes
2018,Baldwin Bikes
2018,Baldwin Bikes
2017,Baldwin Bikes
2018,Baldwin Bikes
2017,Baldwin Bikes
2017,Baldwin Bikes
2018,Baldwin Bikes
2017,Baldwin Bikes
2017,Baldwin Bikes
2016,Baldwin Bikes
2018,Baldwin Bikes
2017,Baldwin Bikes
2017,Baldwin Bikes
2017,Baldwin Bikes
2017,Baldwin Bikes
2017,Baldwin Bikes
2016,Baldwin Bikes
2017,Baldwin Bikes
2018,Baldwin Bikes
2017,Baldwin Bikes
2016,Baldwin Bikes
2017,Baldwin Bikes
2017,Baldwin Bikes
2017,Baldwin Bikes
2017,Baldwin Bikes
2017,Baldwin Bikes
2018,Baldwin Bikes
2018,Baldwin Bikes
2017,Baldwin Bikes
2017,Baldwin Bikes
2017,Baldwin Bikes
2017,Baldwin Bikes
2017,Baldwin Bikes
2017,Baldwin Bikes
2018,Baldwin Bikes
2018,Baldwin Bikes
2017,Baldwin Bikes
2017,Baldwin Bikes
2017,Baldwin Bikes
2017,Baldwin Bikes
2017,Baldwin Bikes
2017,Baldwin Bikes
2017,Baldwin Bikes
2017,Baldwin Bikes
2017,Baldwin Bikes
2017,Baldwin Bikes
2017,Baldwin Bikes
2017,Baldwin Bikes
2017,Baldwin Bikes
2018,Baldwin Bikes
2017,Baldwin Bikes
2017,Baldwin Bikes
2017,Baldwin Bikes
2018,Baldwin Bikes
2018,Baldwin Bikes
2017,Baldwin Bikes
2018,Baldwin Bikes
2017,Baldwin Bikes
2017,Baldwin Bikes
2018,Baldwin Bikes
2017,Baldwin Bikes
2017,Baldwin Bikes
2017,Baldwin Bikes
2017,Baldwin Bikes
2017,Baldwin Bikes
2017,Baldwin Bikes
2017,Baldwin Bikes
2018,Baldwin Bikes
2017,Baldwin Bikes
2018,Baldwin Bikes
2018,Baldwin Bikes
2017,Baldwin Bikes
2017,Baldwin Bikes
2017,Baldwin Bikes
2017,Baldwin Bikes
2018,Baldwin Bikes
2017,Baldwin Bikes
2017,Baldwin Bikes
2017,Baldwin Bikes
2017,Baldwin Bikes
2017,Baldwin Bikes
2017,Baldwin Bikes
2017,Baldwin Bikes
2016,Baldwin Bikes
2018,Baldwin Bikes
2016,Baldwin Bikes
2017,Baldwin Bikes
2016,Baldwin Bikes
2016,Baldwin Bikes
2017,Baldwin Bikes
2017,Baldwin Bikes
2017,Baldwin Bikes
2016,Baldwin Bikes
2017,Baldwin Bikes
2016,Baldwin Bikes
2018,Baldwin Bikes
2016,Baldwin Bikes
2016,Baldwin Bikes
2016,Baldwin Bikes
2018,Baldwin Bikes
2017,Baldwin Bikes
2016,Baldwin Bikes
2017,Baldwin Bikes
2017,Baldwin Bikes
2017,Baldwin Bikes
2018,Baldwin Bikes
2018,Baldwin Bikes
2017,Baldwin Bikes
2017,Baldwin Bikes
2017,Baldwin Bikes
2018,Baldwin Bikes
2017,Baldwin Bikes
2018,Baldwin Bikes
2018,Baldwin Bikes
2016,Baldwin Bikes
2017,Baldwin Bikes
2017,Baldwin Bikes
2016,Baldwin Bikes
2016,Baldwin Bikes
2016,Baldwin Bikes
2017,Baldwin Bikes
2017,Baldwin Bikes
2017,Baldwin Bikes
2017,Baldwin Bikes
2017,Baldwin Bikes
2017,Baldwin Bikes
2017,Baldwin Bikes
2017,Baldwin Bikes
2016,Baldwin Bikes
2017,Baldwin Bikes
2018,Baldwin Bikes
2017,Baldwin Bikes
2017,Baldwin Bikes
2017,Baldwin Bikes
2017,Baldwin Bikes
2016,Baldwin Bikes
2017,Baldwin Bikes
2018,Baldwin Bikes
2017,Baldwin Bikes
2018,Baldwin Bikes
2017,Baldwin Bikes
2017,Baldwin Bikes
2017,Baldwin Bikes
2017,Baldwin Bikes
2017,Baldwin Bikes
2017,Baldwin Bikes
2017,Baldwin Bikes
2017,Baldwin Bikes
2017,Baldwin Bikes
2017,Baldwin Bikes
2018,Baldwin Bikes
2017,Baldwin Bikes
2018,Baldwin Bikes
2017,Baldwin Bikes
2017,Baldwin Bikes
2017,Baldwin Bikes
2017,Baldwin Bikes
2017,Baldwin Bikes
2017,Baldwin Bikes
2017,Baldwin Bikes
2017,Baldwin Bikes
2018,Baldwin Bikes
2018,Baldwin Bikes
2017,Baldwin Bikes
2017,Baldwin Bikes
2017,Baldwin Bikes
2017,Baldwin Bikes
2017,Baldwin Bikes
2018,Baldwin Bikes
2017,Baldwin Bikes
2017,Baldwin Bikes
2017,Baldwin Bikes
2017,Baldwin Bikes
2017,Baldwin Bikes
2017,Baldwin Bikes
2017,Baldwin Bikes
2018,Baldwin Bikes
2018,Baldwin Bikes
2017,Baldwin Bikes
2018,Baldwin Bikes
2017,Baldwin Bikes
2017,Baldwin Bikes
2018,Baldwin Bikes
2017,Baldwin Bikes
2017,Baldwin Bikes
2017,Baldwin Bikes
2017,Baldwin Bikes
2018,Baldwin Bikes
2017,Baldwin Bikes
2017,Baldwin Bikes
2017,Baldwin Bikes
2017,Baldwin Bikes
2018,Baldwin Bikes
2018,Baldwin Bikes
2017,Baldwin Bikes
2017,Baldwin Bikes
2018,Baldwin Bikes
2018,Baldwin Bikes
2017,Baldwin Bikes
2016,Baldwin Bikes
2016,Baldwin Bikes
2017,Baldwin Bikes
2017,Baldwin Bikes
2016,Baldwin Bikes
2017,Baldwin Bikes
2017,Baldwin Bikes
2016,Baldwin Bikes
2016,Baldwin Bikes
2016,Baldwin Bikes
2016,Baldwin Bikes
2016,Baldwin Bikes
2016,Baldwin Bikes
2017,Baldwin Bikes
2016,Baldwin Bikes
2016,Baldwin Bikes
2016,Baldwin Bikes
2018,Baldwin Bikes
2017,Baldwin Bikes
2016,Baldwin Bikes
2016,Baldwin Bikes
2016,Baldwin Bikes
2018,Baldwin Bikes
2018,Baldwin Bikes
2017,Baldwin Bikes
2017,Baldwin Bikes
2016,Baldwin Bikes
2017,Baldwin Bikes
2018,Baldwin Bikes
2017,Baldwin Bikes
2017,Baldwin Bikes
2017,Baldwin Bikes
2018,Baldwin Bikes
2017,Baldwin Bikes
2017,Baldwin Bikes
2017,Baldwin Bikes
2017,Baldwin Bikes
2017,Baldwin Bikes
2017,Baldwin Bikes
2018,Baldwin Bikes
2018,Baldwin Bikes
2017,Baldwin Bikes
2017,Baldwin Bikes
2017,Baldwin Bikes
2017,Baldwin Bikes
2017,Baldwin Bikes
2017,Baldwin Bikes
2017,Baldwin Bikes
2017,Baldwin Bikes
2017,Baldwin Bikes
2017,Baldwin Bikes
2017,Baldwin Bikes
2017,Baldwin Bikes
2017,Baldwin Bikes
2017,Baldwin Bikes
2017,Baldwin Bikes
2016,Baldwin Bikes
2017,Baldwin Bikes
2016,Baldwin Bikes
2017,Baldwin Bikes
2017,Baldwin Bikes
2017,Baldwin Bikes
2016,Baldwin Bikes
2017,Baldwin Bikes
2016,Baldwin Bikes
2016,Baldwin Bikes
2017,Baldwin Bikes
2016,Baldwin Bikes
2016,Baldwin Bikes
2018,Baldwin Bikes
2016,Baldwin Bikes
2016,Baldwin Bikes
2018,Baldwin Bikes
2016,Baldwin Bikes
2016,Baldwin Bikes
2016,Baldwin Bikes
2016,Baldwin Bikes
2016,Baldwin Bikes
2017,Baldwin Bikes
2017,Baldwin Bikes
2017,Baldwin Bikes
2017,Baldwin Bikes
2017,Baldwin Bikes
2018,Baldwin Bikes
2017,Baldwin Bikes
2018,Baldwin Bikes
2017,Baldwin Bikes
2017,Baldwin Bikes
2018,Baldwin Bikes
2016,Baldwin Bikes
2016,Baldwin Bikes
2018,Baldwin Bikes
2018,Baldwin Bikes
2016,Baldwin Bikes
2017,Baldwin Bikes
2017,Baldwin Bikes
2016,Baldwin Bikes
2016,Baldwin Bikes
2017,Baldwin Bikes
2017,Baldwin Bikes
2016,Baldwin Bikes
2016,Baldwin Bikes
2016,Baldwin Bikes
2017,Baldwin Bikes
2018,Baldwin Bikes
2016,Baldwin Bikes
2017,Baldwin Bikes
2018,Baldwin Bikes
2016,Baldwin Bikes
2018,Baldwin Bikes
2017,Baldwin Bikes
2017,Baldwin Bikes
2016,Baldwin Bikes
2016,Baldwin Bikes
2016,Baldwin Bikes
2018,Baldwin Bikes
2017,Baldwin Bikes
2018,Baldwin Bikes
2017,Baldwin Bikes
2016,Baldwin Bikes
2017,Baldwin Bikes
2017,Baldwin Bikes
2018,Baldwin Bikes
2018,Baldwin Bikes
2017,Baldwin Bikes
2017,Baldwin Bikes
2017,Baldwin Bikes
2018,Baldwin Bikes
2016,Baldwin Bikes
2018,Baldwin Bikes
2017,Baldwin Bikes
2017,Baldwin Bikes
2016,Baldwin Bikes
2018,Baldwin Bikes
2018,Baldwin Bikes
2016,Baldwin Bikes
2017,Baldwin Bikes
2018,Baldwin Bikes
2017,Baldwin Bikes
2017,Baldwin Bikes
2018,Baldwin Bikes
2017,Baldwin Bikes
2016,Baldwin Bikes
2016,Baldwin Bikes
2016,Baldwin Bikes
2017,Baldwin Bikes
2016,Baldwin Bikes
2016,Baldwin Bikes
2016,Baldwin Bikes
2016,Baldwin Bikes
2017,Baldwin Bikes
2018,Baldwin Bikes
2018,Baldwin Bikes
2017,Baldwin Bikes
2016,Baldwin Bikes
2016,Baldwin Bikes
2017,Baldwin Bikes
2016,Baldwin Bikes
2016,Baldwin Bikes
2016,Baldwin Bikes
2018,Baldwin Bikes
2016,Baldwin Bikes
2016,Baldwin Bikes
2017,Baldwin Bikes
2018,Baldwin Bikes
2017,Baldwin Bikes
2016,Baldwin Bikes
2016,Baldwin Bikes
2017,Baldwin Bikes
2016,Baldwin Bikes
2016,Baldwin Bikes
2017,Baldwin Bikes
2017,Baldwin Bikes
2018,Baldwin Bikes
2017,Baldwin Bikes
2017,Baldwin Bikes
2017,Baldwin Bikes
2017,Baldwin Bikes
2017,Baldwin Bikes
2017,Baldwin Bikes
2017,Baldwin Bikes
2016,Baldwin Bikes
2017,Baldwin Bikes
2017,Baldwin Bikes
2017,Baldwin Bikes
2017,Baldwin Bikes
2017,Baldwin Bikes
2017,Baldwin Bikes
2017,Baldwin Bikes
2017,Baldwin Bikes
2017,Baldwin Bikes
2017,Baldwin Bikes
2018,Baldwin Bikes
2018,Baldwin Bikes
2017,Baldwin Bikes
2017,Baldwin Bikes
2017,Baldwin Bikes
2018,Baldwin Bikes
2017,Baldwin Bikes
2017,Baldwin Bikes
2017,Baldwin Bikes
2017,Baldwin Bikes
2017,Baldwin Bikes
2017,Baldwin Bikes
2017,Baldwin Bikes
2017,Baldwin Bikes
2017,Baldwin Bikes
2017,Baldwin Bikes
2017,Baldwin Bikes
2017,Baldwin Bikes
2017,Baldwin Bikes
2017,Baldwin Bikes
2017,Baldwin Bikes
2017,Baldwin Bikes
2017,Baldwin Bikes
2017,Baldwin Bikes
2017,Baldwin Bikes
2017,Baldwin Bikes
2017,Baldwin Bikes
2017,Baldwin Bikes
2017,Baldwin Bikes
2017,Baldwin Bikes
2017,Baldwin Bikes
2017,Baldwin Bikes
2016,Baldwin Bikes
2016,Baldwin Bikes
2017,Baldwin Bikes
2016,Baldwin Bikes
2017,Baldwin Bikes
2017,Baldwin Bikes
2016,Baldwin Bikes
2017,Baldwin Bikes
2016,Baldwin Bikes
2017,Baldwin Bikes
2017,Baldwin Bikes
2017,Baldwin Bikes
2016,Baldwin Bikes
2017,Baldwin Bikes
2017,Baldwin Bikes
2017,Baldwin Bikes
2017,Baldwin Bikes
2017,Baldwin Bikes
2017,Baldwin Bikes
2017,Baldwin Bikes
2017,Baldwin Bikes
2018,Baldwin Bikes
2018,Baldwin Bikes
2017,Baldwin Bikes
2018,Baldwin Bikes
2017,Baldwin Bikes
2017,Baldwin Bikes
2018,Baldwin Bikes
2017,Baldwin Bikes
2018,Baldwin Bikes
2016,Baldwin Bikes
2017,Baldwin Bikes
2018,Baldwin Bikes
2016,Baldwin Bikes
2016,Baldwin Bikes
2018,Baldwin Bikes
2017,Baldwin Bikes
2018,Baldwin Bikes
2016,Baldwin Bikes
2016,Baldwin Bikes
2017,Baldwin Bikes
2017,Baldwin Bikes
2018,Baldwin Bikes
2017,Baldwin Bikes
2016,Baldwin Bikes
2016,Baldwin Bikes
2017,Baldwin Bikes
2017,Baldwin Bikes
2017,Baldwin Bikes
2017,Baldwin Bikes
2017,Baldwin Bikes
2017,Baldwin Bikes
2018,Baldwin Bikes
2017,Baldwin Bikes
2017,Baldwin Bikes
2017,Baldwin Bikes
2017,Baldwin Bikes
2017,Baldwin Bikes
2017,Baldwin Bikes
2017,Baldwin Bikes
2017,Baldwin Bikes
2017,Baldwin Bikes
2017,Baldwin Bikes
2017,Baldwin Bikes
2017,Baldwin Bikes
2017,Baldwin Bikes
2017,Baldwin Bikes
2017,Baldwin Bikes
2017,Baldwin Bikes
2017,Baldwin Bikes
2017,Baldwin Bikes
2017,Baldwin Bikes
2017,Baldwin Bikes
2017,Baldwin Bikes
2017,Baldwin Bikes
2016,Baldwin Bikes
2016,Baldwin Bikes
2017,Baldwin Bikes
2016,Baldwin Bikes
2017,Baldwin Bikes
2016,Baldwin Bikes
2016,Baldwin Bikes
2018,Baldwin Bikes
2017,Baldwin Bikes
2016,Baldwin Bikes
2016,Baldwin Bikes
2016,Baldwin Bikes
2016,Baldwin Bikes
2017,Baldwin Bikes
2017,Baldwin Bikes
2017,Baldwin Bikes
2017,Baldwin Bikes
2016,Baldwin Bikes
2017,Baldwin Bikes
2017,Baldwin Bikes
2017,Baldwin Bikes
2017,Baldwin Bikes
2018,Baldwin Bikes
2017,Baldwin Bikes
2016,Baldwin Bikes
2017,Baldwin Bikes
2016,Baldwin Bikes
2017,Baldwin Bikes
2018,Baldwin Bikes
2018,Baldwin Bikes
2018,Baldwin Bikes
2017,Baldwin Bikes
2017,Baldwin Bikes
2017,Baldwin Bikes
2017,Baldwin Bikes
2016,Baldwin Bikes
2017,Baldwin Bikes
2017,Baldwin Bikes
2016,Baldwin Bikes
2018,Baldwin Bikes
2018,Baldwin Bikes
2017,Baldwin Bikes
2017,Baldwin Bikes
2017,Baldwin Bikes
2017,Baldwin Bikes
2016,Baldwin Bikes
2017,Baldwin Bikes
2017,Baldwin Bikes
2017,Baldwin Bikes
2017,Baldwin Bikes
2017,Baldwin Bikes
2016,Baldwin Bikes
2017,Baldwin Bikes
2018,Baldwin Bikes
2017,Baldwin Bikes
2017,Baldwin Bikes
2017,Baldwin Bikes
2017,Baldwin Bikes
2017,Baldwin Bikes
2016,Baldwin Bikes
2016,Baldwin Bikes
2018,Baldwin Bikes
2018,Baldwin Bikes
2018,Baldwin Bikes
2017,Baldwin Bikes
2016,Baldwin Bikes
2017,Baldwin Bikes
2016,Baldwin Bikes
2016,Baldwin Bikes
2018,Baldwin Bikes
2018,Baldwin Bikes
2016,Baldwin Bikes
2017,Baldwin Bikes
2016,Baldwin Bikes
2017,Baldwin Bikes
2017,Baldwin Bikes
2017,Baldwin Bikes
2017,Baldwin Bikes
2017,Baldwin Bikes
2017,Baldwin Bikes
2018,Baldwin Bikes
2017,Baldwin Bikes
2018,Baldwin Bikes
2017,Baldwin Bikes
2017,Baldwin Bikes
2017,Baldwin Bikes
2016,Baldwin Bikes
2017,Baldwin Bikes
2017,Baldwin Bikes
2017,Baldwin Bikes
2016,Baldwin Bikes
2018,Baldwin Bikes
2016,Baldwin Bikes
2018,Baldwin Bikes
2017,Baldwin Bikes
2017,Baldwin Bikes
2017,Baldwin Bikes
2017,Baldwin Bikes
2017,Baldwin Bikes
2018,Baldwin Bikes
2018,Baldwin Bikes
2017,Baldwin Bikes
2017,Baldwin Bikes
2016,Baldwin Bikes
2018,Baldwin Bikes
2016,Baldwin Bikes
2017,Baldwin Bikes
2016,Baldwin Bikes
2016,Baldwin Bikes
2018,Baldwin Bikes
2018,Baldwin Bikes
2018,Baldwin Bikes
2017,Baldwin Bikes
2017,Baldwin Bikes
2017,Baldwin Bikes
2017,Baldwin Bikes
2017,Baldwin Bikes
2016,Baldwin Bikes
2018,Baldwin Bikes
2017,Baldwin Bikes
2018,Baldwin Bikes
2016,Baldwin Bikes
2017,Baldwin Bikes
2017,Baldwin Bikes
2018,Baldwin Bikes
2017,Baldwin Bikes
2016,Baldwin Bikes
2016,Baldwin Bikes
2016,Baldwin Bikes
2016,Baldwin Bikes
2017,Baldwin Bikes
2016,Baldwin Bikes
2017,Baldwin Bikes
2018,Baldwin Bikes
2017,Baldwin Bikes
2017,Baldwin Bikes
2017,Baldwin Bikes
2017,Baldwin Bikes
2018,Baldwin Bikes
2017,Baldwin Bikes
2017,Baldwin Bikes
2018,Baldwin Bikes
2017,Baldwin Bikes
2018,Baldwin Bikes
2018,Baldwin Bikes
2018,Baldwin Bikes
2017,Baldwin Bikes
2017,Baldwin Bikes
2018,Baldwin Bikes
2017,Baldwin Bikes
2017,Baldwin Bikes
2018,Baldwin Bikes
2017,Baldwin Bikes
2018,Baldwin Bikes
2018,Baldwin Bikes
2018,Baldwin Bikes
2017,Baldwin Bikes
2017,Baldwin Bikes
2018,Baldwin Bikes
2018,Baldwin Bikes
2018,Baldwin Bikes
2017,Baldwin Bikes
2017,Baldwin Bikes
2018,Baldwin Bikes
2018,Baldwin Bikes
2018,Baldwin Bikes
2017,Baldwin Bikes
2017,Baldwin Bikes
2017,Baldwin Bikes
2017,Baldwin Bikes
2017,Baldwin Bikes
2017,Baldwin Bikes
2018,Baldwin Bikes
2018,Baldwin Bikes
2018,Baldwin Bikes
2018,Baldwin Bikes
2017,Baldwin Bikes
2017,Baldwin Bikes
2017,Baldwin Bikes
2017,Baldwin Bikes
2017,Baldwin Bikes
2018,Baldwin Bikes
2017,Baldwin Bikes
2018,Baldwin Bikes
2018,Baldwin Bikes
2018,Baldwin Bikes
2018,Baldwin Bikes
2017,Baldwin Bikes
2017,Baldwin Bikes
2017,Baldwin Bikes
2017,Baldwin Bikes
2017,Baldwin Bikes
2018,Baldwin Bikes
2017,Baldwin Bikes
2018,Baldwin Bikes
2018,Baldwin Bikes
2018,Baldwin Bikes
2018,Baldwin Bikes
2017,Rowlett Bikes
2017,Rowlett Bikes
2017,Rowlett Bikes
2016,Rowlett Bikes
2017,Rowlett Bikes
2017,Rowlett Bikes
2018,Rowlett Bikes
2017,Rowlett Bikes
2018,Rowlett Bikes
2017,Rowlett Bikes
2017,Rowlett Bikes
2018,Rowlett Bikes
2018,Rowlett Bikes
2017,Rowlett Bikes
2018,Rowlett Bikes
2016,Rowlett Bikes
2016,Rowlett Bikes
2017,Rowlett Bikes
2016,Rowlett Bikes
2016,Rowlett Bikes
2017,Rowlett Bikes
2017,Rowlett Bikes
2018,Rowlett Bikes
2018,Rowlett Bikes
2018,Rowlett Bikes
2018,Rowlett Bikes
2017,Rowlett Bikes
2016,Rowlett Bikes
2017,Rowlett Bikes
2016,Rowlett Bikes
2016,Rowlett Bikes
2018,Rowlett Bikes
2018,Rowlett Bikes
2017,Rowlett Bikes
2017,Rowlett Bikes
2018,Rowlett Bikes
2016,Rowlett Bikes
2018,Rowlett Bikes
2018,Rowlett Bikes
2017,Rowlett Bikes
2018,Rowlett Bikes
2018,Rowlett Bikes
2016,Rowlett Bikes
2016,Rowlett Bikes
2016,Rowlett Bikes
2018,Rowlett Bikes
2018,Rowlett Bikes
2017,Rowlett Bikes
2017,Rowlett Bikes
2017,Rowlett Bikes
2018,Rowlett Bikes
2017,Rowlett Bikes
2016,Rowlett Bikes
2016,Rowlett Bikes
2018,Rowlett Bikes
2016,Rowlett Bikes
2016,Rowlett Bikes
2018,Rowlett Bikes
2017,Rowlett Bikes
2017,Rowlett Bikes
2018,Rowlett Bikes
2017,Rowlett Bikes
2016,Rowlett Bikes
2016,Rowlett Bikes
2018,Rowlett Bikes
2018,Rowlett Bikes
2016,Rowlett Bikes
2018,Rowlett Bikes
2017,Rowlett Bikes
2017,Rowlett Bikes
2017,Rowlett Bikes
2017,Rowlett Bikes
2017,Rowlett Bikes
2018,Rowlett Bikes
2016,Rowlett Bikes
2016,Rowlett Bikes
2016,Rowlett Bikes
2016,Rowlett Bikes
2017,Rowlett Bikes
2017,Rowlett Bikes
2017,Rowlett Bikes
2016,Rowlett Bikes
2017,Rowlett Bikes
2017,Rowlett Bikes
2017,Rowlett Bikes
2018,Rowlett Bikes
2017,Rowlett Bikes
2016,Rowlett Bikes
2017,Rowlett Bikes
2016,Rowlett Bikes
2018,Rowlett Bikes
2016,Rowlett Bikes
2018,Rowlett Bikes
2018,Rowlett Bikes
2017,Rowlett Bikes
2017,Rowlett Bikes
2016,Rowlett Bikes
2016,Rowlett Bikes
2016,Rowlett Bikes
2018,Rowlett Bikes
2017,Rowlett Bikes
2017,Rowlett Bikes
2018,Rowlett Bikes
2018,Rowlett Bikes
2018,Rowlett Bikes
2018,Rowlett Bikes
2018,Rowlett Bikes
2017,Rowlett Bikes
2017,Rowlett Bikes
2017,Rowlett Bikes
2018,Rowlett Bikes
2017,Rowlett Bikes
2016,Rowlett Bikes
2017,Rowlett Bikes
2016,Rowlett Bikes
2018,Rowlett Bikes
2016,Rowlett Bikes
2016,Rowlett Bikes
2017,Rowlett Bikes
2017,Rowlett Bikes
2016,Rowlett Bikes
2017,Rowlett Bikes
2017,Rowlett Bikes
2017,Rowlett Bikes
2017,Rowlett Bikes
2017,Rowlett Bikes
2017,Rowlett Bikes
2017,Rowlett Bikes
2016,Rowlett Bikes
2016,Rowlett Bikes
2016,Rowlett Bikes
2017,Rowlett Bikes
2017,Rowlett Bikes
2017,Rowlett Bikes
2017,Rowlett Bikes
2017,Rowlett Bikes
2017,Rowlett Bikes
2017,Rowlett Bikes
2018,Rowlett Bikes
2017,Rowlett Bikes
2017,Rowlett Bikes
2017,Rowlett Bikes
2017,Rowlett Bikes
2016,Rowlett Bikes
2016,Rowlett Bikes
2016,Rowlett Bikes
2017,Rowlett Bikes
2016,Rowlett Bikes
2018,Rowlett Bikes
2017,Rowlett Bikes
2017,Rowlett Bikes
2017,Rowlett Bikes
2017,Rowlett Bikes
2017,Rowlett Bikes
2017,Rowlett Bikes
2016,Rowlett Bikes
2017,Rowlett Bikes
2018,Rowlett Bikes
2016,Rowlett Bikes
2017,Rowlett Bikes
2017,Rowlett Bikes
2017,Rowlett Bikes
2016,Rowlett Bikes
2017,Rowlett Bikes
2017,Rowlett Bikes
2017,Rowlett Bikes
2017,Rowlett Bikes
2017,Rowlett Bikes
2017,Rowlett Bikes
2016,Rowlett Bikes
2017,Rowlett Bikes
2017,Rowlett Bikes
2018,Rowlett Bikes
2018,Rowlett Bikes
2017,Rowlett Bikes
2016,Rowlett Bikes
2017,Rowlett Bikes
2016,Rowlett Bikes
2018,Rowlett Bikes
2017,Rowlett Bikes
2017,Rowlett Bikes
2017,Rowlett Bikes
2017,Rowlett Bikes
2017,Rowlett Bikes
2017,Rowlett Bikes
2016,Rowlett Bikes
2016,Rowlett Bikes
2017,Rowlett Bikes
2017,Rowlett Bikes
2017,Rowlett Bikes
2018,Rowlett Bikes
2017,Rowlett Bikes
2017,Rowlett Bikes
2017,Rowlett Bikes
2016,Rowlett Bikes
2018,Rowlett Bikes
2017,Rowlett Bikes
2016,Rowlett Bikes
2017,Rowlett Bikes
2018,Rowlett Bikes
2017,Rowlett Bikes
2017,Rowlett Bikes
2016,Rowlett Bikes
2018,Rowlett Bikes
2017,Rowlett Bikes
2017,Rowlett Bikes
2017,Rowlett Bikes
2017,Rowlett Bikes
2017,Rowlett Bikes
2017,Rowlett Bikes
2017,Rowlett Bikes
2018,Rowlett Bikes
2018,Rowlett Bikes
2017,Rowlett Bikes
2018,Rowlett Bikes
2017,Rowlett Bikes
2017,Rowlett Bikes
2016,Santa Cruz Bikes
2017,Santa Cruz Bikes
2017,Santa Cruz Bikes
2017,Santa Cruz Bikes
2018,Santa Cruz Bikes
2017,Santa Cruz Bikes
2017,Santa Cruz Bikes
2016,Santa Cruz Bikes
2018,Santa Cruz Bikes
2018,Santa Cruz Bikes
2018,Santa Cruz Bikes
2017,Santa Cruz Bikes
2016,Santa Cruz Bikes
2018,Santa Cruz Bikes
2018,Santa Cruz Bikes
2018,Santa Cruz Bikes
2017,Santa Cruz Bikes
2016,Santa Cruz Bikes
2017,Santa Cruz Bikes
2016,Santa Cruz Bikes
2016,Santa Cruz Bikes
2018,Santa Cruz Bikes
2017,Santa Cruz Bikes
2017,Santa Cruz Bikes
2016,Santa Cruz Bikes
2016,Santa Cruz Bikes
2018,Santa Cruz Bikes
2017,Santa Cruz Bikes
2017,Santa Cruz Bikes
2018,Santa Cruz Bikes
2018,Santa Cruz Bikes
2017,Santa Cruz Bikes
2018,Santa Cruz Bikes
2017,Santa Cruz Bikes
2017,Santa Cruz Bikes
2018,Santa Cruz Bikes
2017,Santa Cruz Bikes
2017,Santa Cruz Bikes
2017,Santa Cruz Bikes
2018,Santa Cruz Bikes
2017,Santa Cruz Bikes
2018,Santa Cruz Bikes
2016,Santa Cruz Bikes
2016,Santa Cruz Bikes
2017,Santa Cruz Bikes
2018,Santa Cruz Bikes
2018,Santa Cruz Bikes
2017,Santa Cruz Bikes
2016,Santa Cruz Bikes
2016,Santa Cruz Bikes
2018,Santa Cruz Bikes
2017,Santa Cruz Bikes
2017,Santa Cruz Bikes
2016,Santa Cruz Bikes
2016,Santa Cruz Bikes
2017,Santa Cruz Bikes
2018,Santa Cruz Bikes
2017,Santa Cruz Bikes
2017,Santa Cruz Bikes
2017,Santa Cruz Bikes
2017,Santa Cruz Bikes
2018,Santa Cruz Bikes
2017,Santa Cruz Bikes
2018,Santa Cruz Bikes
2017,Santa Cruz Bikes
2017,Santa Cruz Bikes
2017,Santa Cruz Bikes
2017,Santa Cruz Bikes
2017,Santa Cruz Bikes
2018,Santa Cruz Bikes
2017,Santa Cruz Bikes
2017,Santa Cruz Bikes
2016,Santa Cruz Bikes
2017,Santa Cruz Bikes
2017,Santa Cruz Bikes
2018,Santa Cruz Bikes
2017,Santa Cruz Bikes
2018,Santa Cruz Bikes
2016,Santa Cruz Bikes
2018,Santa Cruz Bikes
2016,Santa Cruz Bikes
2016,Santa Cruz Bikes
2016,Santa Cruz Bikes
2017,Santa Cruz Bikes
2016,Santa Cruz Bikes
2016,Santa Cruz Bikes
2017,Santa Cruz Bikes
2018,Santa Cruz Bikes
2018,Santa Cruz Bikes
2017,Santa Cruz Bikes
2018,Santa Cruz Bikes
2016,Santa Cruz Bikes
2018,Santa Cruz Bikes
2018,Santa Cruz Bikes
2018,Santa Cruz Bikes
2016,Santa Cruz Bikes
2017,Santa Cruz Bikes
2016,Santa Cruz Bikes
2017,Santa Cruz Bikes
2018,Santa Cruz Bikes
2016,Santa Cruz Bikes
2016,Santa Cruz Bikes
2016,Santa Cruz Bikes
2016,Santa Cruz Bikes
2017,Santa Cruz Bikes
2017,Santa Cruz Bikes
2017,Santa Cruz Bikes
2017,Santa Cruz Bikes
2016,Santa Cruz Bikes
2016,Santa Cruz Bikes
2016,Santa Cruz Bikes
2018,Santa Cruz Bikes
2017,Santa Cruz Bikes
2017,Santa Cruz Bikes
2018,Santa Cruz Bikes
2017,Santa Cruz Bikes
2017,Santa Cruz Bikes
2017,Santa Cruz Bikes
2017,Santa Cruz Bikes
2017,Santa Cruz Bikes
2017,Santa Cruz Bikes
2017,Santa Cruz Bikes
2016,Santa Cruz Bikes
2017,Santa Cruz Bikes
2016,Santa Cruz Bikes
2016,Santa Cruz Bikes
2017,Santa Cruz Bikes
2017,Santa Cruz Bikes
2016,Santa Cruz Bikes
2017,Santa Cruz Bikes
2018,Santa Cruz Bikes
2018,Santa Cruz Bikes
2017,Santa Cruz Bikes
2017,Santa Cruz Bikes
2018,Santa Cruz Bikes
2017,Santa Cruz Bikes
2018,Santa Cruz Bikes
2017,Santa Cruz Bikes
2016,Santa Cruz Bikes
2018,Santa Cruz Bikes
2018,Santa Cruz Bikes
2018,Santa Cruz Bikes
2018,Santa Cruz Bikes
2016,Santa Cruz Bikes
2016,Santa Cruz Bikes
2018,Santa Cruz Bikes
2017,Santa Cruz Bikes
2017,Santa Cruz Bikes
2017,Santa Cruz Bikes
2017,Santa Cruz Bikes
2018,Santa Cruz Bikes
2017,Santa Cruz Bikes
2017,Santa Cruz Bikes
2017,Santa Cruz Bikes
2017,Santa Cruz Bikes
2018,Santa Cruz Bikes
2018,Santa Cruz Bikes
2017,Santa Cruz Bikes
2017,Santa Cruz Bikes
2017,Santa Cruz Bikes
2017,Santa Cruz Bikes
2017,Santa Cruz Bikes
2017,Santa Cruz Bikes
2017,Santa Cruz Bikes
2017,Santa Cruz Bikes
2016,Santa Cruz Bikes
2016,Santa Cruz Bikes
2017,Santa Cruz Bikes
2016,Santa Cruz Bikes
2016,Santa Cruz Bikes
2017,Santa Cruz Bikes
2018,Santa Cruz Bikes
2018,Santa Cruz Bikes
2017,Santa Cruz Bikes
2017,Santa Cruz Bikes
2016,Santa Cruz Bikes
2017,Santa Cruz Bikes
2017,Santa Cruz Bikes
2017,Santa Cruz Bikes
2016,Santa Cruz Bikes
2016,Santa Cruz Bikes
2017,Santa Cruz Bikes
2017,Santa Cruz Bikes
2017,Santa Cruz Bikes
2017,Santa Cruz Bikes
2018,Santa Cruz Bikes
2016,Santa Cruz Bikes
2017,Santa Cruz Bikes
2016,Santa Cruz Bikes
2016,Santa Cruz Bikes
2017,Santa Cruz Bikes
2016,Santa Cruz Bikes
2018,Santa Cruz Bikes
2018,Santa Cruz Bikes
2016,Santa Cruz Bikes
2016,Santa Cruz Bikes
2018,Santa Cruz Bikes
2016,Santa Cruz Bikes
2017,Santa Cruz Bikes
2018,Santa Cruz Bikes
2016,Santa Cruz Bikes
2018,Santa Cruz Bikes
2016,Santa Cruz Bikes
2016,Santa Cruz Bikes
2017,Santa Cruz Bikes
2017,Santa Cruz Bikes
2018,Santa Cruz Bikes
2018,Santa Cruz Bikes
2017,Santa Cruz Bikes
2018,Santa Cruz Bikes
2017,Santa Cruz Bikes
2017,Santa Cruz Bikes
2018,Santa Cruz Bikes
2017,Santa Cruz Bikes
2017,Santa Cruz Bikes
2017,Santa Cruz Bikes
2018,Santa Cruz Bikes
2017,Santa Cruz Bikes
2018,Santa Cruz Bikes
2017,Santa Cruz Bikes
2018,Santa Cruz Bikes
2018,Santa Cruz Bikes
2018,Santa Cruz Bikes
2018,Santa Cruz Bikes
2018,Santa Cruz Bikes
2018,Santa Cruz Bikes
2017,Santa Cruz Bikes
2017,Santa Cruz Bikes
2016,Santa Cruz Bikes
2017,Santa Cruz Bikes
2018,Santa Cruz Bikes
2016,Santa Cruz Bikes
2016,Santa Cruz Bikes
2017,Santa Cruz Bikes
2017,Santa Cruz Bikes
2017,Santa Cruz Bikes
2017,Santa Cruz Bikes
2017,Santa Cruz Bikes
2016,Santa Cruz Bikes
2017,Santa Cruz Bikes
2017,Santa Cruz Bikes
2018,Santa Cruz Bikes
2018,Santa Cruz Bikes
2018,Santa Cruz Bikes
2018,Santa Cruz Bikes
2017,Santa Cruz Bikes
2017,Santa Cruz Bikes
2017,Santa Cruz Bikes
2017,Santa Cruz Bikes
2017,Santa Cruz Bikes
2017,Santa Cruz Bikes
2018,Santa Cruz Bikes
2018,Santa Cruz Bikes
2017,Santa Cruz Bikes
2018,Santa Cruz Bikes
2018,Santa Cruz Bikes
2017,Santa Cruz Bikes
2017,Santa Cruz Bikes
2017,Santa Cruz Bikes
2016,Santa Cruz Bikes
2016,Santa Cruz Bikes
2018,Santa Cruz Bikes
2016,Santa Cruz Bikes
2017,Santa Cruz Bikes
2017,Santa Cruz Bikes
2018,Santa Cruz Bikes
2018,Santa Cruz Bikes
2016,Santa Cruz Bikes
2016,Santa Cruz Bikes
2018,Santa Cruz Bikes
2017,Santa Cruz Bikes
2017,Santa Cruz Bikes
2017,Santa Cruz Bikes
2017,Santa Cruz Bikes
2018,Santa Cruz Bikes
2017,Santa Cruz Bikes
2017,Santa Cruz Bikes
2017,Santa Cruz Bikes
2018,Santa Cruz Bikes
2016,Santa Cruz Bikes
2018,Santa Cruz Bikes
2018,Santa Cruz Bikes
2018,Santa Cruz Bikes
2016,Santa Cruz Bikes
2016,Santa Cruz Bikes
2016,Santa Cruz Bikes
2016,Santa Cruz Bikes
2017,Santa Cruz Bikes
2018,Santa Cruz Bikes
2017,Santa Cruz Bikes
2018,Santa Cruz Bikes
2016,Santa Cruz Bikes
2016,Santa Cruz Bikes
2017,Santa Cruz Bikes
2017,Santa Cruz Bikes
2018,Santa Cruz Bikes
2017,Santa Cruz Bikes
2017,Santa Cruz Bikes
2017,Santa Cruz Bikes
2016,Santa Cruz Bikes
2017,Santa Cruz Bikes
2016,Santa Cruz Bikes
2018,Santa Cruz Bikes
2017,Santa Cruz Bikes
2017,Santa Cruz Bikes
2017,Santa Cruz Bikes
2017,Santa Cruz Bikes
2018,Santa Cruz Bikes
2017,Santa Cruz Bikes
2017,Santa Cruz Bikes
2017,Santa Cruz Bikes
2016,Santa Cruz Bikes
2016,Santa Cruz Bikes
2018,Santa Cruz Bikes
2016,Santa Cruz Bikes
2016,Santa Cruz Bikes
2016,Santa Cruz Bikes
2016,Santa Cruz Bikes
2016,Santa Cruz Bikes
2016,Santa Cruz Bikes
2018,Santa Cruz Bikes
2017,Santa Cruz Bikes
2018,Santa Cruz Bikes
2017,Santa Cruz Bikes
2017,Santa Cruz Bikes
2017,Santa Cruz Bikes
2017,Santa Cruz Bikes
2017,Santa Cruz Bikes
2017,Santa Cruz Bikes
2018,Santa Cruz Bikes
2017,Santa Cruz Bikes
2017,Santa Cruz Bikes
2016,Santa Cruz Bikes
2016,Santa Cruz Bikes
2016,Santa Cruz Bikes
2016,Santa Cruz Bikes
2017,Santa Cruz Bikes
2017,Santa Cruz Bikes
2017,Santa Cruz Bikes
2016,Santa Cruz Bikes
2018,Santa Cruz Bikes
2018,Santa Cruz Bikes
2018,Santa Cruz Bikes
2017,Santa Cruz Bikes
2016,Santa Cruz Bikes
2017,Santa Cruz Bikes
2018,Santa Cruz Bikes
2018,Santa Cruz Bikes
2018,Santa Cruz Bikes
2016,Santa Cruz Bikes
2017,Santa Cruz Bikes
2017,Santa Cruz Bikes
2017,Santa Cruz Bikes
2017,Santa Cruz Bikes
2016,Santa Cruz Bikes
2016,Santa Cruz Bikes
2017,Santa Cruz Bikes
2016,Santa Cruz Bikes
2017,Santa Cruz Bikes
2018,Santa Cruz Bikes
2017,Santa Cruz Bikes
2016,Santa Cruz Bikes
2017,Santa Cruz Bikes
2017,Santa Cruz Bikes
2017,Santa Cruz Bikes
2017,Santa Cruz Bikes
2017,Santa Cruz Bikes
2017,Santa Cruz Bikes
2016,Santa Cruz Bikes
2017,Santa Cruz Bikes
2018,Santa Cruz Bikes
2017,Santa Cruz Bikes
2017,Santa Cruz Bikes
2016,Santa Cruz Bikes
2017,Santa Cruz Bikes
2017,Santa Cruz Bikes
2018,Santa Cruz Bikes
2017,Santa Cruz Bikes
2018,Santa Cruz Bikes
2018,Santa Cruz Bikes
2017,Santa Cruz Bikes
2018,Santa Cruz Bikes
2018,Santa Cruz Bikes
2018,Santa Cruz Bikes
2016,Santa Cruz Bikes
2018,Santa Cruz Bikes
2017,Santa Cruz Bikes
2016,Santa Cruz Bikes
2017,Santa Cruz Bikes
2018,Santa Cruz Bikes
2018,Santa Cruz Bikes
2017,Santa Cruz Bikes
2018,Santa Cruz Bikes
2017,Santa Cruz Bikes
2016,Santa Cruz Bikes
2017,Santa Cruz Bikes
2017,Santa Cruz Bikes
2018,Santa Cruz Bikes
2017,Santa Cruz Bikes
2018,Santa Cruz Bikes
2018,Santa Cruz Bikes
2018,Santa Cruz Bikes
2017,Santa Cruz Bikes
2017,Santa Cruz Bikes
2018,Santa Cruz Bikes
2017,Santa Cruz Bikes
2017,Santa Cruz Bikes
2018,Santa Cruz Bikes
2017,Santa Cruz Bikes
2017,Santa Cruz Bikes
2017,Baldwin Bikes
2018,Baldwin Bikes
2017,Baldwin Bikes
2017,Baldwin Bikes
2017,Baldwin Bikes
2016,Baldwin Bikes
2017,Baldwin Bikes
2017,Baldwin Bikes
2017,Baldwin Bikes
2017,Baldwin Bikes
2016,Baldwin Bikes
2018,Baldwin Bikes
2017,Baldwin Bikes
2018,Baldwin Bikes
2017,Baldwin Bikes
2018,Baldwin Bikes
2017,Baldwin Bikes
2016,Baldwin Bikes
2016,Baldwin Bikes
2018,Baldwin Bikes
2018,Baldwin Bikes
2017,Baldwin Bikes
2017,Baldwin Bikes
2016,Baldwin Bikes
2017,Baldwin Bikes
2017,Baldwin Bikes
2017,Baldwin Bikes
2017,Baldwin Bikes
2016,Baldwin Bikes
2017,Baldwin Bikes
2018,Baldwin Bikes
2017,Baldwin Bikes
2017,Baldwin Bikes
2017,Baldwin Bikes
2017,Baldwin Bikes
2017,Baldwin Bikes
2016,Baldwin Bikes
2018,Baldwin Bikes
2018,Baldwin Bikes
2016,Baldwin Bikes
2018,Baldwin Bikes
2018,Baldwin Bikes
2017,Baldwin Bikes
2016,Baldwin Bikes
2017,Baldwin Bikes
2018,Baldwin Bikes
2017,Baldwin Bikes
2018,Baldwin Bikes
2016,Baldwin Bikes
2017,Baldwin Bikes
2017,Baldwin Bikes
2017,Baldwin Bikes
2017,Baldwin Bikes
2016,Baldwin Bikes
2016,Baldwin Bikes
2016,Baldwin Bikes
2017,Baldwin Bikes
2017,Baldwin Bikes
2017,Baldwin Bikes
2017,Baldwin Bikes
2017,Baldwin Bikes
2017,Baldwin Bikes
2018,Baldwin Bikes
2017,Baldwin Bikes
2017,Baldwin Bikes
2017,Baldwin Bikes
2017,Baldwin Bikes
2017,Baldwin Bikes
2017,Baldwin Bikes
2017,Baldwin Bikes
2017,Baldwin Bikes
2017,Baldwin Bikes
2018,Baldwin Bikes
2018,Baldwin Bikes
2018,Baldwin Bikes
2017,Baldwin Bikes
2017,Baldwin Bikes
2017,Baldwin Bikes
2017,Baldwin Bikes
2017,Baldwin Bikes
2017,Baldwin Bikes
2017,Baldwin Bikes
2017,Baldwin Bikes
2017,Baldwin Bikes
2018,Baldwin Bikes
2018,Baldwin Bikes
2017,Baldwin Bikes
2017,Baldwin Bikes
2018,Baldwin Bikes
2017,Baldwin Bikes
2017,Baldwin Bikes
2017,Baldwin Bikes
2018,Baldwin Bikes
2018,Baldwin Bikes
2017,Baldwin Bikes
2017,Baldwin Bikes
2017,Baldwin Bikes
2017,Baldwin Bikes
2017,Baldwin Bikes
2018,Baldwin Bikes
2017,Baldwin Bikes
2018,Baldwin Bikes
2018,Baldwin Bikes
2017,Baldwin Bikes
2017,Baldwin Bikes
2018,Baldwin Bikes
2018,Baldwin Bikes
2017,Baldwin Bikes
2017,Baldwin Bikes
2016,Baldwin Bikes
2016,Baldwin Bikes
2016,Baldwin Bikes
2016,Baldwin Bikes
2017,Baldwin Bikes
2016,Baldwin Bikes
2017,Baldwin Bikes
2017,Baldwin Bikes
2017,Baldwin Bikes
2017,Baldwin Bikes
2016,Baldwin Bikes
2017,Baldwin Bikes
2018,Baldwin Bikes
2016,Baldwin Bikes
2017,Baldwin Bikes
2016,Baldwin Bikes
2017,Baldwin Bikes
2017,Baldwin Bikes
2016,Baldwin Bikes
2016,Baldwin Bikes
2017,Baldwin Bikes
2017,Baldwin Bikes
2017,Baldwin Bikes
2016,Baldwin Bikes
2018,Baldwin Bikes
2016,Baldwin Bikes
2018,Baldwin Bikes
2016,Baldwin Bikes
2016,Baldwin Bikes
2017,Baldwin Bikes
2016,Baldwin Bikes
2018,Baldwin Bikes
2016,Baldwin Bikes
2016,Baldwin Bikes
2017,Baldwin Bikes
2017,Baldwin Bikes
2017,Baldwin Bikes
2017,Baldwin Bikes
2017,Baldwin Bikes
2017,Baldwin Bikes
2017,Baldwin Bikes
2017,Baldwin Bikes
2017,Baldwin Bikes
2017,Baldwin Bikes
2017,Baldwin Bikes
2017,Baldwin Bikes
2017,Baldwin Bikes
2017,Baldwin Bikes
2017,Baldwin Bikes
2017,Baldwin Bikes
2017,Baldwin Bikes
2017,Baldwin Bikes
2018,Baldwin Bikes
2017,Baldwin Bikes
2017,Baldwin Bikes
2017,Baldwin Bikes
2018,Baldwin Bikes
2017,Baldwin Bikes
2017,Baldwin Bikes
2017,Baldwin Bikes
2017,Baldwin Bikes
2017,Baldwin Bikes
2017,Baldwin Bikes
2018,Baldwin Bikes
2017,Baldwin Bikes
2017,Baldwin Bikes
2017,Baldwin Bikes
2018,Baldwin Bikes
2017,Baldwin Bikes
2018,Baldwin Bikes
2017,Baldwin Bikes
2016,Baldwin Bikes
2017,Baldwin Bikes
2016,Baldwin Bikes
2017,Baldwin Bikes
2017,Baldwin Bikes
2017,Baldwin Bikes
2016,Baldwin Bikes
2017,Baldwin Bikes
2017,Baldwin Bikes
2016,Baldwin Bikes
2017,Baldwin Bikes
2017,Baldwin Bikes
2017,Baldwin Bikes
2017,Baldwin Bikes
2017,Baldwin Bikes
2018,Baldwin Bikes
2017,Baldwin Bikes
2018,Baldwin Bikes
2017,Baldwin Bikes
2017,Baldwin Bikes
2017,Baldwin Bikes
2018,Baldwin Bikes
2016,Baldwin Bikes
2016,Baldwin Bikes
2016,Baldwin Bikes
2016,Baldwin Bikes
2018,Baldwin Bikes
2018,Baldwin Bikes
2017,Baldwin Bikes
2016,Baldwin Bikes
2016,Baldwin Bikes
2017,Baldwin Bikes
2017,Baldwin Bikes
2017,Baldwin Bikes
2016,Baldwin Bikes
2017,Baldwin Bikes
2018,Baldwin Bikes
2017,Baldwin Bikes
2017,Baldwin Bikes
2016,Baldwin Bikes
2018,Baldwin Bikes
2016,Baldwin Bikes
2018,Baldwin Bikes
2017,Baldwin Bikes
2016,Baldwin Bikes
2018,Baldwin Bikes
2016,Baldwin Bikes
2016,Baldwin Bikes
2018,Baldwin Bikes
2017,Baldwin Bikes
2018,Baldwin Bikes
2018,Baldwin Bikes
2016,Baldwin Bikes
2017,Baldwin Bikes
2018,Baldwin Bikes
2016,Baldwin Bikes
2018,Baldwin Bikes
2017,Baldwin Bikes
2017,Baldwin Bikes
2017,Baldwin Bikes
2016,Baldwin Bikes
2017,Baldwin Bikes
2018,Baldwin Bikes
2018,Baldwin Bikes
2016,Baldwin Bikes
2018,Baldwin Bikes
2018,Baldwin Bikes
2018,Baldwin Bikes
2017,Baldwin Bikes
2017,Baldwin Bikes
2017,Baldwin Bikes
2017,Baldwin Bikes
2017,Baldwin Bikes
2016,Baldwin Bikes
2018,Baldwin Bikes
2017,Baldwin Bikes
2017,Baldwin Bikes
2018,Baldwin Bikes
2016,Baldwin Bikes
2016,Baldwin Bikes
2017,Baldwin Bikes
2017,Baldwin Bikes
2017,Baldwin Bikes
2018,Baldwin Bikes
2017,Baldwin Bikes
2016,Baldwin Bikes
2017,Baldwin Bikes
2016,Baldwin Bikes
2017,Baldwin Bikes
2018,Baldwin Bikes
2017,Baldwin Bikes
2018,Baldwin Bikes
2018,Baldwin Bikes
2017,Baldwin Bikes
2017,Baldwin Bikes
2018,Baldwin Bikes
2016,Baldwin Bikes
2017,Baldwin Bikes
2016,Baldwin Bikes
2017,Baldwin Bikes
2017,Baldwin Bikes
2017,Baldwin Bikes
2017,Baldwin Bikes
2017,Baldwin Bikes
2016,Baldwin Bikes
2017,Baldwin Bikes
2016,Baldwin Bikes
2017,Baldwin Bikes
2016,Baldwin Bikes
2017,Baldwin Bikes
2018,Baldwin Bikes
2017,Baldwin Bikes
2017,Baldwin Bikes
2017,Baldwin Bikes
2016,Baldwin Bikes
2018,Baldwin Bikes
2017,Baldwin Bikes
2016,Baldwin Bikes
2016,Baldwin Bikes
2017,Baldwin Bikes
2016,Baldwin Bikes
2017,Baldwin Bikes
2017,Baldwin Bikes
2017,Baldwin Bikes
2017,Baldwin Bikes
2017,Baldwin Bikes
2017,Baldwin Bikes
2017,Baldwin Bikes
2017,Baldwin Bikes
2017,Baldwin Bikes
2017,Baldwin Bikes
2017,Baldwin Bikes
2017,Baldwin Bikes
2017,Baldwin Bikes
2018,Baldwin Bikes
2017,Baldwin Bikes
2018,Baldwin Bikes
2017,Baldwin Bikes
2017,Baldwin Bikes
2017,Baldwin Bikes
2017,Baldwin Bikes
2017,Baldwin Bikes
2017,Baldwin Bikes
2018,Baldwin Bikes
2017,Baldwin Bikes
2017,Baldwin Bikes
2017,Baldwin Bikes
2017,Baldwin Bikes
2017,Baldwin Bikes
2017,Baldwin Bikes
2018,Baldwin Bikes
2017,Baldwin Bikes
2017,Baldwin Bikes
2017,Baldwin Bikes
2017,Baldwin Bikes
2017,Baldwin Bikes
2017,Baldwin Bikes
2017,Baldwin Bikes
2017,Baldwin Bikes
2017,Baldwin Bikes
2017,Baldwin Bikes
2017,Baldwin Bikes
2017,Baldwin Bikes
2016,Baldwin Bikes
2016,Baldwin Bikes
2017,Baldwin Bikes
2018,Baldwin Bikes
2018,Baldwin Bikes
2016,Baldwin Bikes
2016,Baldwin Bikes
2016,Baldwin Bikes
2016,Baldwin Bikes
2016,Baldwin Bikes
2017,Baldwin Bikes
2018,Baldwin Bikes
2017,Baldwin Bikes
2017,Baldwin Bikes
2016,Baldwin Bikes
2016,Baldwin Bikes
2017,Baldwin Bikes
2016,Baldwin Bikes
2017,Baldwin Bikes
2017,Baldwin Bikes
2017,Baldwin Bikes
2017,Baldwin Bikes
2017,Baldwin Bikes
2017,Baldwin Bikes
2017,Baldwin Bikes
2017,Baldwin Bikes
2017,Baldwin Bikes
2017,Baldwin Bikes
2018,Baldwin Bikes
2017,Baldwin Bikes
2017,Baldwin Bikes
2017,Baldwin Bikes
2017,Baldwin Bikes
2017,Baldwin Bikes
2017,Baldwin Bikes
2017,Baldwin Bikes
2017,Baldwin Bikes
2017,Baldwin Bikes
2016,Baldwin Bikes
2018,Baldwin Bikes
2017,Baldwin Bikes
2017,Baldwin Bikes
2018,Baldwin Bikes
2018,Baldwin Bikes
2017,Baldwin Bikes
2017,Baldwin Bikes
2018,Baldwin Bikes
2016,Baldwin Bikes
2018,Baldwin Bikes
2017,Baldwin Bikes
2017,Baldwin Bikes
2018,Baldwin Bikes
2016,Baldwin Bikes
2017,Baldwin Bikes
2017,Baldwin Bikes
2016,Baldwin Bikes
2018,Baldwin Bikes
2018,Baldwin Bikes
2017,Baldwin Bikes
2017,Baldwin Bikes
2017,Baldwin Bikes
2017,Baldwin Bikes
2018,Baldwin Bikes
2018,Baldwin Bikes
2017,Baldwin Bikes
2017,Baldwin Bikes
2018,Baldwin Bikes
2017,Baldwin Bikes
2017,Baldwin Bikes
2017,Baldwin Bikes
2017,Baldwin Bikes
2017,Baldwin Bikes
2017,Baldwin Bikes
2017,Baldwin Bikes
2017,Baldwin Bikes
2017,Baldwin Bikes
2018,Baldwin Bikes
2017,Baldwin Bikes
2017,Baldwin Bikes
2017,Baldwin Bikes
2017,Baldwin Bikes
2017,Baldwin Bikes
2017,Baldwin Bikes
2017,Baldwin Bikes
2017,Baldwin Bikes
2017,Baldwin Bikes
2017,Baldwin Bikes
2017,Baldwin Bikes
2017,Baldwin Bikes
2016,Baldwin Bikes
2016,Baldwin Bikes
2016,Baldwin Bikes
2016,Baldwin Bikes
2018,Baldwin Bikes
2016,Baldwin Bikes
2017,Baldwin Bikes
2016,Baldwin Bikes
2016,Baldwin Bikes
2016,Baldwin Bikes
2016,Baldwin Bikes
2018,Baldwin Bikes
2017,Baldwin Bikes
2017,Baldwin Bikes
2017,Baldwin Bikes
2017,Baldwin Bikes
2018,Baldwin Bikes
2018,Baldwin Bikes
2016,Baldwin Bikes
2017,Baldwin Bikes
2016,Baldwin Bikes
2017,Baldwin Bikes
2017,Baldwin Bikes
2017,Baldwin Bikes
2016,Baldwin Bikes
2017,Baldwin Bikes
2018,Baldwin Bikes
2018,Baldwin Bikes
2017,Baldwin Bikes
2016,Baldwin Bikes
2017,Baldwin Bikes
2017,Baldwin Bikes
2017,Baldwin Bikes
2017,Baldwin Bikes
2018,Baldwin Bikes
2016,Baldwin Bikes
2017,Baldwin Bikes
2017,Baldwin Bikes
2018,Baldwin Bikes
2017,Baldwin Bikes
2017,Baldwin Bikes
2016,Baldwin Bikes
2016,Baldwin Bikes
2018,Baldwin Bikes
2016,Baldwin Bikes
2016,Baldwin Bikes
2016,Baldwin Bikes
2017,Baldwin Bikes
2017,Baldwin Bikes
2017,Baldwin Bikes
2017,Baldwin Bikes
2016,Baldwin Bikes
2018,Baldwin Bikes
2016,Baldwin Bikes
2017,Baldwin Bikes
2018,Baldwin Bikes
2016,Baldwin Bikes
2017,Baldwin Bikes
2016,Baldwin Bikes
2016,Baldwin Bikes
2017,Baldwin Bikes
2018,Baldwin Bikes
2017,Baldwin Bikes
2017,Baldwin Bikes
2016,Baldwin Bikes
2017,Baldwin Bikes
2017,Baldwin Bikes
2017,Baldwin Bikes
2016,Baldwin Bikes
2017,Baldwin Bikes
2017,Baldwin Bikes
2017,Baldwin Bikes
2018,Baldwin Bikes
2018,Baldwin Bikes
2017,Baldwin Bikes
2017,Baldwin Bikes
2017,Baldwin Bikes
2017,Baldwin Bikes
2018,Baldwin Bikes
2018,Baldwin Bikes
2016,Baldwin Bikes
2016,Baldwin Bikes
2017,Baldwin Bikes
2017,Baldwin Bikes
2017,Baldwin Bikes
2017,Baldwin Bikes
2017,Baldwin Bikes
2018,Baldwin Bikes
2017,Baldwin Bikes
2017,Baldwin Bikes
2018,Baldwin Bikes
2017,Baldwin Bikes
2018,Baldwin Bikes
2017,Baldwin Bikes
2018,Baldwin Bikes
2017,Baldwin Bikes
2017,Baldwin Bikes
2017,Baldwin Bikes
2018,Baldwin Bikes
2017,Baldwin Bikes
2017,Baldwin Bikes
2016,Baldwin Bikes
2017,Baldwin Bikes
2017,Baldwin Bikes
2017,Baldwin Bikes
2017,Baldwin Bikes
2016,Baldwin Bikes
2016,Baldwin Bikes
2017,Baldwin Bikes
2018,Baldwin Bikes
2017,Baldwin Bikes
2017,Baldwin Bikes
2018,Baldwin Bikes
2017,Baldwin Bikes
2017,Baldwin Bikes
2017,Baldwin Bikes
2017,Baldwin Bikes
2017,Baldwin Bikes
2018,Baldwin Bikes
2018,Baldwin Bikes
2017,Baldwin Bikes
2018,Baldwin Bikes
2018,Baldwin Bikes
2017,Baldwin Bikes
2018,Baldwin Bikes
2018,Baldwin Bikes
2017,Baldwin Bikes
2018,Baldwin Bikes
2018,Baldwin Bikes
2018,Baldwin Bikes
2018,Baldwin Bikes
2017,Baldwin Bikes
2017,Baldwin Bikes
2017,Baldwin Bikes
2017,Baldwin Bikes
2017,Baldwin Bikes
2017,Baldwin Bikes
2017,Baldwin Bikes
2018,Baldwin Bikes
2018,Baldwin Bikes
2017,Baldwin Bikes
2018,Baldwin Bikes
2018,Baldwin Bikes
2017,Baldwin Bikes
2017,Baldwin Bikes
2018,Baldwin Bikes
2017,Baldwin Bikes
2018,Baldwin Bikes
2017,Baldwin Bikes
2017,Baldwin Bikes
2017,Baldwin Bikes
2017,Baldwin Bikes
2017,Baldwin Bikes
2017,Baldwin Bikes
2017,Baldwin Bikes
2018,Baldwin Bikes
2017,Baldwin Bikes
2017,Baldwin Bikes
2018,Baldwin Bikes
2017,Baldwin Bikes
2018,Baldwin Bikes
2018,Baldwin Bikes
2018,Baldwin Bikes
2017,Baldwin Bikes
2017,Baldwin Bikes
2017,Baldwin Bikes
2017,Baldwin Bikes
2018,Baldwin Bikes
2018,Baldwin Bikes
2017,Baldwin Bikes
2017,Baldwin Bikes
2017,Baldwin Bikes
2017,Baldwin Bikes
2017,Baldwin Bikes
2017,Baldwin Bikes
2017,Baldwin Bikes
2017,Baldwin Bikes
2018,Baldwin Bikes
2018,Baldwin Bikes
2018,Baldwin Bikes
2017,Baldwin Bikes
2017,Baldwin Bikes
2017,Baldwin Bikes
2018,Baldwin Bikes
2017,Baldwin Bikes
2016,Baldwin Bikes
2017,Baldwin Bikes
2017,Baldwin Bikes
2017,Baldwin Bikes
2016,Baldwin Bikes
2016,Baldwin Bikes
2016,Baldwin Bikes
2017,Baldwin Bikes
2016,Baldwin Bikes
2016,Baldwin Bikes
2016,Baldwin Bikes
2017,Baldwin Bikes
2016,Baldwin Bikes
2017,Baldwin Bikes
2017,Baldwin Bikes
2017,Baldwin Bikes
2016,Baldwin Bikes
2016,Baldwin Bikes
2016,Baldwin Bikes
2017,Baldwin Bikes
2017,Baldwin Bikes
2017,Baldwin Bikes
2017,Baldwin Bikes
2017,Baldwin Bikes
2017,Baldwin Bikes
2017,Baldwin Bikes
2017,Baldwin Bikes
2016,Baldwin Bikes
2016,Baldwin Bikes
2018,Baldwin Bikes
2018,Baldwin Bikes
2018,Baldwin Bikes
2017,Baldwin Bikes
2017,Baldwin Bikes
2017,Baldwin Bikes
2017,Baldwin Bikes
2016,Baldwin Bikes
2016,Baldwin Bikes
2016,Baldwin Bikes
2017,Baldwin Bikes
2017,Baldwin Bikes
2017,Baldwin Bikes
2018,Baldwin Bikes
2017,Baldwin Bikes
2016,Baldwin Bikes
2016,Baldwin Bikes
2017,Baldwin Bikes
2016,Baldwin Bikes
2018,Baldwin Bikes
2017,Baldwin Bikes
2017,Baldwin Bikes
2018,Baldwin Bikes
2016,Baldwin Bikes
2018,Baldwin Bikes
2018,Baldwin Bikes
2016,Baldwin Bikes
2018,Baldwin Bikes
2017,Baldwin Bikes
2017,Baldwin Bikes
2016,Baldwin Bikes
2017,Baldwin Bikes
2017,Baldwin Bikes
2016,Baldwin Bikes
2017,Baldwin Bikes
2016,Baldwin Bikes
2016,Baldwin Bikes
2017,Baldwin Bikes
2017,Baldwin Bikes
2017,Baldwin Bikes
2017,Baldwin Bikes
2017,Baldwin Bikes
2017,Baldwin Bikes
2017,Baldwin Bikes
2017,Baldwin Bikes
2017,Baldwin Bikes
2017,Baldwin Bikes
2018,Baldwin Bikes
2017,Baldwin Bikes
2017,Baldwin Bikes
2018,Baldwin Bikes
2018,Baldwin Bikes
2018,Baldwin Bikes
2017,Baldwin Bikes
2017,Baldwin Bikes
2018,Baldwin Bikes
2017,Baldwin Bikes
2018,Baldwin Bikes
2018,Baldwin Bikes
2018,Baldwin Bikes
2018,Baldwin Bikes
2017,Baldwin Bikes
2017,Baldwin Bikes
2017,Baldwin Bikes
2017,Baldwin Bikes
2018,Baldwin Bikes
2017,Baldwin Bikes
2017,Baldwin Bikes
2017,Baldwin Bikes
2017,Baldwin Bikes
2017,Baldwin Bikes
2018,Baldwin Bikes
2017,Baldwin Bikes
2018,Baldwin Bikes
2017,Baldwin Bikes
2017,Baldwin Bikes
2017,Baldwin Bikes
2017,Baldwin Bikes
2018,Baldwin Bikes
2018,Baldwin Bikes
2018,Baldwin Bikes
2017,Baldwin Bikes
2018,Baldwin Bikes
2017,Baldwin Bikes
2018,Baldwin Bikes
2017,Baldwin Bikes
2017,Baldwin Bikes
2017,Baldwin Bikes
2017,Baldwin Bikes
2017,Baldwin Bikes
2017,Baldwin Bikes
2018,Baldwin Bikes
2017,Baldwin Bikes
2017,Baldwin Bikes
2017,Baldwin Bikes
2017,Baldwin Bikes
2018,Baldwin Bikes
2018,Baldwin Bikes
2016,Baldwin Bikes
2016,Baldwin Bikes
2018,Baldwin Bikes
2016,Baldwin Bikes
2017,Baldwin Bikes
2018,Baldwin Bikes
2017,Baldwin Bikes
2018,Baldwin Bikes
2016,Baldwin Bikes
2018,Baldwin Bikes
2017,Baldwin Bikes
2016,Baldwin Bikes
2017,Baldwin Bikes
2016,Baldwin Bikes
2016,Baldwin Bikes
2016,Baldwin Bikes
2016,Baldwin Bikes
2016,Baldwin Bikes
2017,Baldwin Bikes
2018,Baldwin Bikes
2018,Baldwin Bikes
2017,Baldwin Bikes
2018,Baldwin Bikes
2017,Baldwin Bikes
2016,Baldwin Bikes
2016,Baldwin Bikes
2016,Baldwin Bikes
2018,Baldwin Bikes
2017,Baldwin Bikes
2017,Baldwin Bikes
2018,Baldwin Bikes
2016,Baldwin Bikes
2017,Baldwin Bikes
2017,Baldwin Bikes
2017,Baldwin Bikes
2018,Baldwin Bikes
2017,Baldwin Bikes
2017,Baldwin Bikes
2017,Baldwin Bikes
2018,Baldwin Bikes
2017,Baldwin Bikes
2017,Baldwin Bikes
2018,Baldwin Bikes
2017,Baldwin Bikes
2017,Baldwin Bikes
2017,Baldwin Bikes
2017,Baldwin Bikes
2017,Baldwin Bikes
2018,Baldwin Bikes
2017,Baldwin Bikes
2017,Baldwin Bikes
2017,Baldwin Bikes
2017,Baldwin Bikes
2018,Baldwin Bikes
2017,Baldwin Bikes
2017,Baldwin Bikes
2017,Baldwin Bikes
2017,Baldwin Bikes
2017,Baldwin Bikes
2017,Baldwin Bikes
2017,Baldwin Bikes
2017,Baldwin Bikes
2017,Baldwin Bikes
2017,Baldwin Bikes
2017,Baldwin Bikes
2017,Baldwin Bikes
2017,Baldwin Bikes
2017,Baldwin Bikes
2017,Baldwin Bikes
2017,Baldwin Bikes
2017,Baldwin Bikes
2017,Baldwin Bikes
2018,Baldwin Bikes
2018,Baldwin Bikes
2016,Baldwin Bikes
2017,Baldwin Bikes
2018,Baldwin Bikes
2016,Baldwin Bikes
2018,Baldwin Bikes
2017,Baldwin Bikes
2017,Baldwin Bikes
2016,Baldwin Bikes
2017,Baldwin Bikes
2017,Baldwin Bikes
2017,Baldwin Bikes
2018,Baldwin Bikes
2017,Baldwin Bikes
2017,Baldwin Bikes
2017,Baldwin Bikes
2017,Baldwin Bikes
2016,Baldwin Bikes
2017,Baldwin Bikes
2017,Baldwin Bikes
2017,Baldwin Bikes
2018,Baldwin Bikes
2016,Baldwin Bikes
2017,Baldwin Bikes
2017,Baldwin Bikes
2018,Baldwin Bikes
2016,Baldwin Bikes
2016,Baldwin Bikes
2018,Baldwin Bikes
2016,Baldwin Bikes
2017,Baldwin Bikes
2018,Baldwin Bikes
2018,Baldwin Bikes
2018,Baldwin Bikes
2017,Baldwin Bikes
2018,Baldwin Bikes
2016,Baldwin Bikes
2016,Baldwin Bikes
2017,Baldwin Bikes
2016,Baldwin Bikes
2017,Baldwin Bikes
2016,Baldwin Bikes
2018,Baldwin Bikes
2018,Baldwin Bikes
2016,Baldwin Bikes
2017,Baldwin Bikes
2018,Baldwin Bikes
2018,Baldwin Bikes
2017,Baldwin Bikes
2017,Baldwin Bikes
2016,Baldwin Bikes
2017,Baldwin Bikes
2017,Baldwin Bikes
2017,Baldwin Bikes
2017,Baldwin Bikes
2017,Baldwin Bikes
2016,Baldwin Bikes
2017,Baldwin Bikes
2018,Baldwin Bikes
2017,Baldwin Bikes
2018,Baldwin Bikes
2018,Baldwin Bikes
2016,Baldwin Bikes
2017,Baldwin Bikes
2017,Baldwin Bikes
2017,Baldwin Bikes
2018,Baldwin Bikes
2018,Baldwin Bikes
2018,Baldwin Bikes
2017,Baldwin Bikes
2017,Baldwin Bikes
2016,Baldwin Bikes
2017,Baldwin Bikes
2017,Baldwin Bikes
2017,Baldwin Bikes
2017,Baldwin Bikes
2017,Baldwin Bikes
2018,Baldwin Bikes
2017,Baldwin Bikes
2018,Baldwin Bikes
2016,Baldwin Bikes
2018,Baldwin Bikes
2018,Baldwin Bikes
2017,Baldwin Bikes
2016,Baldwin Bikes
2018,Baldwin Bikes
2016,Baldwin Bikes
2016,Baldwin Bikes
2017,Baldwin Bikes
2018,Baldwin Bikes
2018,Baldwin Bikes
2018,Baldwin Bikes
2016,Baldwin Bikes
2016,Baldwin Bikes
2016,Baldwin Bikes
2017,Baldwin Bikes
2017,Baldwin Bikes
2016,Baldwin Bikes
2016,Baldwin Bikes
2017,Baldwin Bikes
2016,Baldwin Bikes
2016,Baldwin Bikes
2017,Baldwin Bikes
2016,Baldwin Bikes
2016,Baldwin Bikes
2016,Baldwin Bikes
2016,Baldwin Bikes
2016,Baldwin Bikes
2016,Baldwin Bikes
2016,Baldwin Bikes
2016,Baldwin Bikes
2016,Baldwin Bikes
2017,Baldwin Bikes
2017,Baldwin Bikes
2016,Baldwin Bikes
2016,Baldwin Bikes
2016,Baldwin Bikes
2016,Baldwin Bikes
2017,Baldwin Bikes
2016,Baldwin Bikes
2016,Baldwin Bikes
2017,Baldwin Bikes
2018,Baldwin Bikes
2017,Baldwin Bikes
2018,Baldwin Bikes
2017,Baldwin Bikes
2017,Baldwin Bikes
2017,Baldwin Bikes
2017,Baldwin Bikes
2017,Baldwin Bikes
2017,Baldwin Bikes
2017,Baldwin Bikes
2017,Baldwin Bikes
2017,Baldwin Bikes
2017,Baldwin Bikes
2017,Baldwin Bikes
2017,Baldwin Bikes
2017,Baldwin Bikes
2017,Baldwin Bikes
2017,Baldwin Bikes
2017,Baldwin Bikes
2017,Baldwin Bikes
2017,Baldwin Bikes
2017,Baldwin Bikes
2017,Baldwin Bikes
2017,Baldwin Bikes
2017,Baldwin Bikes
2017,Baldwin Bikes
2017,Baldwin Bikes
2017,Baldwin Bikes
2017,Baldwin Bikes
2017,Baldwin Bikes
2017,Baldwin Bikes
2017,Baldwin Bikes
2017,Baldwin Bikes
2017,Baldwin Bikes
2017,Baldwin Bikes
2017,Baldwin Bikes
2017,Baldwin Bikes
2016,Baldwin Bikes
2016,Baldwin Bikes
2016,Baldwin Bikes
2016,Baldwin Bikes
2016,Baldwin Bikes
2016,Baldwin Bikes
2016,Baldwin Bikes
2017,Baldwin Bikes
2018,Baldwin Bikes
2016,Baldwin Bikes
2017,Baldwin Bikes
2016,Baldwin Bikes
2017,Baldwin Bikes
2017,Baldwin Bikes
2016,Baldwin Bikes
2017,Baldwin Bikes
2017,Baldwin Bikes
2016,Baldwin Bikes
2018,Baldwin Bikes
2017,Baldwin Bikes
2017,Baldwin Bikes
2018,Baldwin Bikes
2017,Baldwin Bikes
2017,Baldwin Bikes
2017,Baldwin Bikes
2018,Baldwin Bikes
2017,Baldwin Bikes
2017,Baldwin Bikes
2018,Baldwin Bikes
2017,Baldwin Bikes
2018,Baldwin Bikes
2018,Baldwin Bikes
2018,Baldwin Bikes
2018,Baldwin Bikes
2016,Baldwin Bikes
2017,Baldwin Bikes
2017,Baldwin Bikes
2018,Baldwin Bikes
2018,Baldwin Bikes
2017,Baldwin Bikes
2017,Baldwin Bikes
2018,Baldwin Bikes
2018,Baldwin Bikes
2018,Baldwin Bikes
2016,Baldwin Bikes
2018,Baldwin Bikes
2018,Baldwin Bikes
2017,Baldwin Bikes
2017,Baldwin Bikes
2016,Baldwin Bikes
2016,Baldwin Bikes
2016,Baldwin Bikes
2017,Baldwin Bikes
2017,Baldwin Bikes
2016,Baldwin Bikes
2016,Baldwin Bikes
2018,Baldwin Bikes
2018,Baldwin Bikes
2017,Baldwin Bikes
2017,Baldwin Bikes
2018,Baldwin Bikes
2017,Baldwin Bikes
2017,Baldwin Bikes
2017,Baldwin Bikes
2017,Baldwin Bikes
2017,Baldwin Bikes
2017,Baldwin Bikes
2017,Baldwin Bikes
2018,Baldwin Bikes
2017,Baldwin Bikes
2017,Baldwin Bikes
2017,Baldwin Bikes
2017,Baldwin Bikes
2018,Baldwin Bikes
2017,Baldwin Bikes
2017,Baldwin Bikes
2017,Baldwin Bikes
2017,Baldwin Bikes
2017,Baldwin Bikes
2017,Baldwin Bikes
2018,Baldwin Bikes
2017,Baldwin Bikes
2017,Baldwin Bikes
2016,Baldwin Bikes
2017,Baldwin Bikes
2016,Baldwin Bikes
2016,Baldwin Bikes
2017,Baldwin Bikes
2016,Baldwin Bikes
2017,Baldwin Bikes
2017,Baldwin Bikes
2018,Baldwin Bikes
2017,Baldwin Bikes
2017,Baldwin Bikes
2017,Baldwin Bikes
2016,Baldwin Bikes
2016,Baldwin Bikes
2016,Baldwin Bikes
2017,Baldwin Bikes
2018,Baldwin Bikes
2017,Baldwin Bikes
2017,Baldwin Bikes
2017,Baldwin Bikes
2017,Baldwin Bikes
2017,Baldwin Bikes
2017,Baldwin Bikes
2017,Baldwin Bikes
2018,Baldwin Bikes
2017,Baldwin Bikes
2018,Baldwin Bikes
2017,Baldwin Bikes
2017,Baldwin Bikes
2018,Baldwin Bikes
2017,Baldwin Bikes
2017,Baldwin Bikes
2017,Baldwin Bikes
2017,Baldwin Bikes
2017,Baldwin Bikes
2016,Baldwin Bikes
2017,Baldwin Bikes
2017,Baldwin Bikes
2017,Baldwin Bikes
2017,Baldwin Bikes
2017,Baldwin Bikes
2017,Baldwin Bikes
2017,Baldwin Bikes
2016,Baldwin Bikes
2018,Baldwin Bikes
2017,Baldwin Bikes
2016,Baldwin Bikes
2016,Baldwin Bikes
2017,Baldwin Bikes
2017,Baldwin Bikes
2017,Baldwin Bikes
2018,Baldwin Bikes
2016,Baldwin Bikes
2017,Baldwin Bikes
2016,Baldwin Bikes
2017,Baldwin Bikes
2018,Baldwin Bikes
2016,Baldwin Bikes
2016,Baldwin Bikes
2018,Baldwin Bikes
2017,Baldwin Bikes
2017,Baldwin Bikes
2017,Baldwin Bikes
2018,Baldwin Bikes
2016,Baldwin Bikes
2017,Baldwin Bikes
2017,Baldwin Bikes
2016,Baldwin Bikes
2017,Baldwin Bikes
2016,Baldwin Bikes
2016,Baldwin Bikes
2018,Baldwin Bikes
2018,Baldwin Bikes
2018,Baldwin Bikes
2016,Baldwin Bikes
2018,Baldwin Bikes
2017,Baldwin Bikes
2016,Baldwin Bikes
2016,Baldwin Bikes
2016,Baldwin Bikes
2016,Baldwin Bikes
2017,Baldwin Bikes
2017,Baldwin Bikes
2017,Baldwin Bikes
2017,Baldwin Bikes
2017,Baldwin Bikes
2016,Baldwin Bikes
2017,Baldwin Bikes
2016,Baldwin Bikes
2018,Baldwin Bikes
2017,Baldwin Bikes
2016,Baldwin Bikes
2017,Baldwin Bikes
2017,Baldwin Bikes
2018,Baldwin Bikes
2016,Baldwin Bikes
2016,Baldwin Bikes
2018,Baldwin Bikes
2018,Baldwin Bikes
2017,Baldwin Bikes
2017,Baldwin Bikes
2018,Baldwin Bikes
2017,Baldwin Bikes
2017,Baldwin Bikes
2018,Baldwin Bikes
2017,Baldwin Bikes
2017,Baldwin Bikes
2018,Baldwin Bikes
2018,Baldwin Bikes
2018,Baldwin Bikes
2018,Baldwin Bikes
2017,Baldwin Bikes
2018,Baldwin Bikes
2018,Baldwin Bikes
2017,Baldwin Bikes
2017,Baldwin Bikes
2018,Baldwin Bikes
2018,Baldwin Bikes
2018,Baldwin Bikes
2017,Baldwin Bikes
2018,Baldwin Bikes
2018,Baldwin Bikes
2017,Baldwin Bikes
2018,Baldwin Bikes
2017,Baldwin Bikes
2017,Baldwin Bikes
2017,Baldwin Bikes
2017,Baldwin Bikes
2018,Baldwin Bikes
2018,Baldwin Bikes
2017,Baldwin Bikes
2018,Baldwin Bikes
2017,Baldwin Bikes
2017,Baldwin Bikes
2017,Baldwin Bikes
2017,Baldwin Bikes
2017,Baldwin Bikes
2017,Baldwin Bikes
2018,Baldwin Bikes
2018,Baldwin Bikes
2017,Baldwin Bikes
2017,Baldwin Bikes
2018,Baldwin Bikes
2017,Baldwin Bikes
2017,Baldwin Bikes
2017,Baldwin Bikes
2018,Baldwin Bikes
2017,Baldwin Bikes
2017,Baldwin Bikes
2017,Baldwin Bikes
2017,Baldwin Bikes
2017,Baldwin Bikes
2017,Baldwin Bikes
2018,Baldwin Bikes
2017,Baldwin Bikes
2017,Baldwin Bikes
2017,Baldwin Bikes
2017,Baldwin Bikes
2017,Rowlett Bikes
2017,Rowlett Bikes
2017,Rowlett Bikes
2016,Rowlett Bikes
2016,Rowlett Bikes
2017,Rowlett Bikes
2017,Rowlett Bikes
2018,Rowlett Bikes
2016,Rowlett Bikes
2018,Rowlett Bikes
2018,Rowlett Bikes
2017,Rowlett Bikes
2018,Rowlett Bikes
2017,Rowlett Bikes
2017,Rowlett Bikes
2016,Rowlett Bikes
2017,Rowlett Bikes
2018,Rowlett Bikes
2018,Rowlett Bikes
2018,Rowlett Bikes
2017,Rowlett Bikes
2017,Rowlett Bikes
2017,Rowlett Bikes
2017,Rowlett Bikes
2017,Rowlett Bikes
2017,Rowlett Bikes
2017,Rowlett Bikes
2018,Rowlett Bikes
2018,Rowlett Bikes
2018,Rowlett Bikes
2017,Rowlett Bikes
2017,Rowlett Bikes
2017,Rowlett Bikes
2017,Rowlett Bikes
2016,Rowlett Bikes
2017,Rowlett Bikes
2017,Rowlett Bikes
2017,Rowlett Bikes
2016,Rowlett Bikes
2018,Rowlett Bikes
2018,Rowlett Bikes
2018,Rowlett Bikes
2018,Rowlett Bikes
2017,Rowlett Bikes
2018,Rowlett Bikes
2016,Rowlett Bikes
2017,Rowlett Bikes
2016,Rowlett Bikes
2018,Rowlett Bikes
2018,Rowlett Bikes
2016,Rowlett Bikes
2016,Rowlett Bikes
2017,Rowlett Bikes
2016,Rowlett Bikes
2016,Rowlett Bikes
2018,Rowlett Bikes
2017,Rowlett Bikes
2016,Rowlett Bikes
2016,Rowlett Bikes
2017,Rowlett Bikes
2017,Rowlett Bikes
2018,Rowlett Bikes
2017,Rowlett Bikes
2017,Rowlett Bikes
2017,Rowlett Bikes
2017,Rowlett Bikes
2017,Rowlett Bikes
2018,Rowlett Bikes
2018,Rowlett Bikes
2016,Rowlett Bikes
2016,Rowlett Bikes
2018,Rowlett Bikes
2018,Rowlett Bikes
2018,Rowlett Bikes
2017,Rowlett Bikes
2017,Rowlett Bikes
2016,Rowlett Bikes
2016,Rowlett Bikes
2017,Rowlett Bikes
2017,Rowlett Bikes
2017,Rowlett Bikes
2017,Rowlett Bikes
2017,Rowlett Bikes
2017,Rowlett Bikes
2017,Rowlett Bikes
2017,Rowlett Bikes
2017,Rowlett Bikes
2017,Rowlett Bikes
2016,Rowlett Bikes
2018,Rowlett Bikes
2017,Rowlett Bikes
2017,Rowlett Bikes
2018,Rowlett Bikes
2017,Rowlett Bikes
2018,Rowlett Bikes
2018,Rowlett Bikes
2017,Rowlett Bikes
2017,Rowlett Bikes
2016,Rowlett Bikes
2016,Rowlett Bikes
2016,Rowlett Bikes
2016,Rowlett Bikes
2018,Rowlett Bikes
2016,Rowlett Bikes
2017,Rowlett Bikes
2018,Rowlett Bikes
2017,Rowlett Bikes
2017,Rowlett Bikes
2017,Rowlett Bikes
2017,Rowlett Bikes
2017,Rowlett Bikes
2017,Rowlett Bikes
2018,Rowlett Bikes
2017,Rowlett Bikes
2018,Rowlett Bikes
2017,Rowlett Bikes
2018,Rowlett Bikes
2018,Rowlett Bikes
2018,Rowlett Bikes
2018,Rowlett Bikes
2017,Rowlett Bikes
2016,Rowlett Bikes
2017,Rowlett Bikes
2017,Rowlett Bikes
2017,Rowlett Bikes
2017,Rowlett Bikes
2017,Rowlett Bikes
2017,Rowlett Bikes
2018,Rowlett Bikes
2017,Rowlett Bikes
2016,Rowlett Bikes
2017,Rowlett Bikes
2017,Rowlett Bikes
2018,Rowlett Bikes
2017,Rowlett Bikes
2017,Rowlett Bikes
2018,Rowlett Bikes
2016,Rowlett Bikes
2018,Rowlett Bikes
2016,Rowlett Bikes
2017,Rowlett Bikes
2017,Rowlett Bikes
2017,Rowlett Bikes
2017,Rowlett Bikes
2017,Rowlett Bikes
2017,Rowlett Bikes
2017,Rowlett Bikes
2017,Rowlett Bikes
2016,Rowlett Bikes
2016,Rowlett Bikes
2017,Rowlett Bikes
2018,Rowlett Bikes
2017,Rowlett Bikes
2017,Rowlett Bikes
2018,Rowlett Bikes
2017,Rowlett Bikes
2016,Rowlett Bikes
2017,Rowlett Bikes
2017,Rowlett Bikes
2016,Rowlett Bikes
2016,Rowlett Bikes
2017,Rowlett Bikes
2017,Rowlett Bikes
2017,Rowlett Bikes
2017,Rowlett Bikes
2016,Rowlett Bikes
2016,Rowlett Bikes
2016,Rowlett Bikes
2017,Rowlett Bikes
2017,Rowlett Bikes
2017,Rowlett Bikes
2017,Rowlett Bikes
2017,Rowlett Bikes
2017,Rowlett Bikes
2017,Rowlett Bikes
2017,Rowlett Bikes
2017,Rowlett Bikes
2017,Rowlett Bikes
2017,Rowlett Bikes
2017,Rowlett Bikes
2017,Rowlett Bikes
2017,Rowlett Bikes
2017,Rowlett Bikes
2017,Rowlett Bikes
2016,Rowlett Bikes
2018,Rowlett Bikes
2018,Rowlett Bikes
2017,Rowlett Bikes
2017,Rowlett Bikes
2017,Rowlett Bikes
2017,Rowlett Bikes
2016,Rowlett Bikes
2017,Rowlett Bikes
2017,Rowlett Bikes
2017,Rowlett Bikes
2018,Rowlett Bikes
2016,Rowlett Bikes
2017,Rowlett Bikes
2017,Rowlett Bikes
2018,Rowlett Bikes
2016,Rowlett Bikes
2017,Rowlett Bikes
2017,Rowlett Bikes
2018,Rowlett Bikes
2017,Rowlett Bikes
2016,Rowlett Bikes
2017,Rowlett Bikes
2017,Rowlett Bikes
2017,Rowlett Bikes
2017,Rowlett Bikes
2017,Rowlett Bikes
2017,Rowlett Bikes
2017,Rowlett Bikes
2018,Rowlett Bikes
2018,Rowlett Bikes
